ObjectID,ExhibitionID,ExhTitle,ExhibBeginISODate,ExhibEndISODate,ExhVenueXrefID,VenueConstituentID,VenueDisplayName,VenueBeginISODate,VenueEndISODate,DataDate
20,10,Celebrating the American Spirit,11/11/2011,11/10/2012,78,717,Crystal Bridges Museum of American Art,11/11/2011,11/10/2012,12/23/2015
21,10,Celebrating the American Spirit,11/11/2011,11/10/2012,78,717,Crystal Bridges Museum of American Art,11/11/2011,11/10/2012,12/23/2015
21,33,Art in America: 300 Years of Innovation,2/10/2007,4/27/2008,54,944,National Art Museum of China,2/10/2007,4/5/2007,12/23/2015
21,33,Art in America: 300 Years of Innovation,2/10/2007,4/27/2008,53,943,Shanghai Museum,4/30/2007,6/30/2007,12/23/2015
21,33,Art in America: 300 Years of Innovation,2/10/2007,4/27/2008,55,945,Pushkin Museum of Fine Arts,7/24/2007,9/9/2007,12/23/2015
21,33,Art in America: 300 Years of Innovation,2/10/2007,4/27/2008,56,946,Guggenheim Museum Bilbao,10/8/2007,4/27/2008,12/23/2015
21,129,America's Presidents,3/1/2016,2/26/2017,227,2660,"National Portrait Gallery, Smithsonian Institution",3/1/2016,2/26/2017,12/23/2015
24,10,Celebrating the American Spirit,11/11/2011,11/10/2012,78,717,Crystal Bridges Museum of American Art,11/11/2011,11/10/2012,12/23/2015
24,29,An American Experiment: George Bellows and the Ashcan Painters,3/3/2011,5/30/2011,41,817,National Gallery of London,3/3/2011,5/30/2011,12/23/2015
24,53,George Bellows (1882-1925),,,83,86,National Gallery of Art,6/10/2012,10/8/2012,12/23/2015
24,53,George Bellows (1882-1925),,,84,485,The Metropolitan Museum of Art,11/12/2012,2/13/2013,12/23/2015
24,53,George Bellows (1882-1925),,,85,1114,Royal Academy of Arts,3/16/2013,6/9/2013,12/23/2015
25,10,Celebrating the American Spirit,11/11/2011,11/10/2012,78,717,Crystal Bridges Museum of American Art,11/11/2011,11/10/2012,12/23/2015
26,10,Celebrating the American Spirit,11/11/2011,11/10/2012,78,717,Crystal Bridges Museum of American Art,11/11/2011,11/10/2012,12/23/2015
26,53,George Bellows (1882-1925),,,83,86,National Gallery of Art,6/10/2012,10/8/2012,12/23/2015
26,53,George Bellows (1882-1925),,,84,485,The Metropolitan Museum of Art,11/12/2012,2/13/2013,12/23/2015
26,53,George Bellows (1882-1925),,,85,1114,Royal Academy of Arts,3/16/2013,6/9/2013,12/23/2015
30,10,Celebrating the American Spirit,11/11/2011,11/10/2012,78,717,Crystal Bridges Museum of American Art,11/11/2011,11/10/2012,12/23/2015
35,10,Celebrating the American Spirit,11/11/2011,11/10/2012,78,717,Crystal Bridges Museum of American Art,11/11/2011,11/10/2012,12/23/2015
35,37,George de Forest Brush: The Indian Paintings,9/14/2008,5/25/2009,63,86,National Gallery of Art,9/14/2008,1/4/2009,12/23/2015
35,37,George de Forest Brush: The Indian Paintings,9/14/2008,5/25/2009,64,302,Seattle Art Museum,2/26/2009,5/25/2009,12/23/2015
35,111,Changing Perspectives of Native Americans,1/16/2015,8/3/2015,197,717,Crystal Bridges Museum of American Art,1/16/2015,8/3/2015,12/23/2015
37,10,Celebrating the American Spirit,11/11/2011,11/10/2012,78,717,Crystal Bridges Museum of American Art,11/11/2011,11/10/2012,12/23/2015
58,10,Celebrating the American Spirit,11/11/2011,11/10/2012,78,717,Crystal Bridges Museum of American Art,11/11/2011,11/10/2012,12/23/2015
64,10,Celebrating the American Spirit,11/11/2011,11/10/2012,78,717,Crystal Bridges Museum of American Art,11/11/2011,11/10/2012,12/23/2015
69,10,Celebrating the American Spirit,11/11/2011,11/10/2012,78,717,Crystal Bridges Museum of American Art,11/11/2011,11/10/2012,12/23/2015
70,10,Celebrating the American Spirit,11/11/2011,11/10/2012,78,717,Crystal Bridges Museum of American Art,11/11/2011,11/10/2012,12/23/2015
72,10,Celebrating the American Spirit,11/11/2011,11/10/2012,78,717,Crystal Bridges Museum of American Art,11/11/2011,11/10/2012,12/23/2015
72,111,Changing Perspectives of Native Americans,1/16/2015,8/3/2015,197,717,Crystal Bridges Museum of American Art,1/16/2015,8/3/2015,12/23/2015
73,10,Celebrating the American Spirit,11/11/2011,11/10/2012,78,717,Crystal Bridges Museum of American Art,11/11/2011,11/10/2012,12/23/2015
73,111,Changing Perspectives of Native Americans,1/16/2015,8/3/2015,197,717,Crystal Bridges Museum of American Art,1/16/2015,8/3/2015,12/23/2015
81,49,Wonder World,11/11/2011,4/2/2012,79,717,Crystal Bridges Museum of American Art,11/11/2011,5/5/2012,12/23/2015
84,10,Celebrating the American Spirit,11/11/2011,11/10/2012,78,717,Crystal Bridges Museum of American Art,11/11/2011,11/10/2012,12/23/2015
84,108,The Art of American Dance,3/20/2016,1/30/2017,192,444,Detroit Institute of Arts,3/20/2016,6/12/2016,12/23/2015
84,108,The Art of American Dance,3/20/2016,1/30/2017,193,1989,Denver Art Museum,7/10/2016,10/9/2016,12/23/2015
84,108,The Art of American Dance,3/20/2016,1/30/2017,194,717,Crystal Bridges Museum of American Art,11/5/2016,1/30/2017,12/23/2015
85,12,Norman Rockwell's America,7/29/2005,1/29/2006,10,132,South Carolina State Museum,7/29/2005,1/29/2006,12/23/2015
95,10,Celebrating the American Spirit,11/11/2011,11/10/2012,78,717,Crystal Bridges Museum of American Art,11/11/2011,11/10/2012,12/23/2015
104,10,Celebrating the American Spirit,11/11/2011,11/10/2012,78,717,Crystal Bridges Museum of American Art,11/11/2011,11/10/2012,12/23/2015
104,35,"American Stories: Paintings of Everyday Life, 1765-1915",10/12/2009,5/23/2010,60,485,The Metropolitan Museum of Art,10/12/2009,1/24/2010,12/23/2015
104,35,"American Stories: Paintings of Everyday Life, 1765-1915",10/12/2009,5/23/2010,61,647,Los Angeles County Museum of Art,2/28/2010,5/23/2010,12/23/2015
104,62,American Encounters: Genre Painting and Everyday Life,1/23/2013,1/12/2014,113,1022,Musée du Louvre,1/23/2013,4/22/2013,12/23/2015
104,62,American Encounters: Genre Painting and Everyday Life,1/23/2013,1/12/2014,115,717,Crystal Bridges Museum of American Art,5/11/2013,8/12/2013,12/23/2015
104,62,American Encounters: Genre Painting and Everyday Life,1/23/2013,1/12/2014,116,1023,High Museum of Art,9/14/2013,1/12/2014,12/23/2015
104,130,"Wild Spaces, Open Seasons: Hunting and Fishing in American Art",10/23/2016,12/17/2017,228,2667,Dixon Gallery & Gardens,10/23/2016,1/15/2017,12/23/2015
104,130,"Wild Spaces, Open Seasons: Hunting and Fishing in American Art",10/23/2016,12/17/2017,229,2666,Joslyn Art Museum,2/12/2017,5/2/2017,12/23/2015
104,130,"Wild Spaces, Open Seasons: Hunting and Fishing in American Art",10/23/2016,12/17/2017,230,2668,Shelburne Museum,6/4/2017,8/27/2017,12/23/2015
104,130,"Wild Spaces, Open Seasons: Hunting and Fishing in American Art",10/23/2016,12/17/2017,231,67,Amon Carter Museum of American Art,9/24/2017,12/17/2017,12/23/2015
112,10,Celebrating the American Spirit,11/11/2011,11/10/2012,78,717,Crystal Bridges Museum of American Art,11/11/2011,11/10/2012,12/23/2015
116,10,Celebrating the American Spirit,11/11/2011,11/10/2012,78,717,Crystal Bridges Museum of American Art,11/11/2011,11/10/2012,12/23/2015
116,35,"American Stories: Paintings of Everyday Life, 1765-1915",10/12/2009,5/23/2010,60,485,The Metropolitan Museum of Art,10/12/2009,1/24/2010,12/23/2015
116,35,"American Stories: Paintings of Everyday Life, 1765-1915",10/12/2009,5/23/2010,61,647,Los Angeles County Museum of Art,2/28/2010,5/23/2010,12/23/2015
116,61,New Eyes on America: The Genius of Richard Caton Woodville,3/10/2013,11/3/2013,105,842,The Walters Art Museum,3/10/2013,6/2/2013,12/23/2015
116,61,New Eyes on America: The Genius of Richard Caton Woodville,3/10/2013,11/3/2013,117,1178,Mint Museum,6/30/2013,11/3/2013,12/23/2015
124,10,Celebrating the American Spirit,11/11/2011,11/10/2012,78,717,Crystal Bridges Museum of American Art,11/11/2011,11/10/2012,12/23/2015
124,32,John Haberle: Master of Illusion,12/11/2009,12/12/2010,48,664,New Britain Museum of American Art,12/11/2009,5/14/2010,12/23/2015
124,32,John Haberle: Master of Illusion,12/11/2009,12/12/2010,49,936,Brandywine River Museum,4/17/2010,7/11/2010,12/23/2015
124,32,John Haberle: Master of Illusion,12/11/2009,12/12/2010,50,941,Portland Museum of Art,9/8/2010,12/12/2010,12/23/2015
124,93,American Encounters: The Simple Pleasures of Still Life,1/31/2015,1/31/2016,162,1022,Musée du Louvre,1/31/2015,4/28/2015,12/23/2015
124,93,American Encounters: The Simple Pleasures of Still Life,1/31/2015,1/31/2016,164,717,Crystal Bridges Museum of American Art,5/16/2015,9/14/2015,12/23/2015
124,93,American Encounters: The Simple Pleasures of Still Life,1/31/2015,1/31/2016,163,1023,High Museum of Art,9/26/2015,1/31/2016,12/23/2015
125,10,Celebrating the American Spirit,11/11/2011,11/10/2012,78,717,Crystal Bridges Museum of American Art,11/11/2011,11/10/2012,12/23/2015
126,10,Celebrating the American Spirit,11/11/2011,11/10/2012,78,717,Crystal Bridges Museum of American Art,11/11/2011,11/10/2012,12/23/2015
127,10,Celebrating the American Spirit,11/11/2011,11/10/2012,78,717,Crystal Bridges Museum of American Art,11/11/2011,11/10/2012,12/23/2015
127,97,Painted Journeys: The Art of John Mix Stanley,,,169,1964,Buffalo Bill Center of the West,6/6/2015,8/29/2015,12/23/2015
127,97,Painted Journeys: The Art of John Mix Stanley,,,170,249,Gilcrease Museum,10/4/2015,1/3/2016,12/23/2015
127,97,Painted Journeys: The Art of John Mix Stanley,,,171,1137,Tacoma Art Museum,2/1/2016,4/29/2016,12/23/2015
127,111,Changing Perspectives of Native Americans,1/16/2015,8/3/2015,197,717,Crystal Bridges Museum of American Art,1/16/2015,8/3/2015,12/23/2015
128,10,Celebrating the American Spirit,11/11/2011,11/10/2012,78,717,Crystal Bridges Museum of American Art,11/11/2011,11/10/2012,12/23/2015
128,48,Marsden Hartley and the West: The Search for an American Modernism,6/14/2008,8/24/2008,77,67,Amon Carter Museum of American Art,6/14/2008,8/24/2008,12/23/2015
128,92,The European Connection,3/15/2014,7/7/2014,161,717,Crystal Bridges Museum of American Art,3/15/2014,7/7/2014,12/23/2015
128,122,Nature and Spirit: Marsden Hartley's Mysticism,2/4/2017,9/4/2017,216,67,Amon Carter Museum of American Art,2/4/2017,4/30/2017,12/23/2015
128,122,Nature and Spirit: Marsden Hartley's Mysticism,2/4/2017,9/4/2017,217,926,Smithsonian American Art Museum,5/27/2017,9/4/2017,12/23/2015
137,116,Georgia O'Keeffe: See What I See,3/28/2015,5/10/2015,200,717,Crystal Bridges Museum of American Art,3/28/2015,5/10/2015,12/23/2015
138,10,Celebrating the American Spirit,11/11/2011,11/10/2012,78,717,Crystal Bridges Museum of American Art,11/11/2011,11/10/2012,12/23/2015
138,16,I Like America,9/28/2006,1/7/2007,20,256,Schirn Kunsthalle Frankfurt,9/28/2006,1/7/2007,12/23/2015
139,10,Celebrating the American Spirit,11/11/2011,11/10/2012,78,717,Crystal Bridges Museum of American Art,11/11/2011,11/10/2012,12/23/2015
143,10,Celebrating the American Spirit,11/11/2011,11/10/2012,78,717,Crystal Bridges Museum of American Art,11/11/2011,11/10/2012,12/23/2015
143,111,Changing Perspectives of Native Americans,1/16/2015,8/3/2015,197,717,Crystal Bridges Museum of American Art,1/16/2015,8/3/2015,12/23/2015
144,111,Changing Perspectives of Native Americans,1/16/2015,8/3/2015,197,717,Crystal Bridges Museum of American Art,1/16/2015,8/3/2015,12/23/2015
145,10,Celebrating the American Spirit,11/11/2011,11/10/2012,78,717,Crystal Bridges Museum of American Art,11/11/2011,11/10/2012,12/23/2015
146,10,Celebrating the American Spirit,11/11/2011,11/10/2012,78,717,Crystal Bridges Museum of American Art,11/11/2011,11/10/2012,12/23/2015
147,10,Celebrating the American Spirit,11/11/2011,11/10/2012,78,717,Crystal Bridges Museum of American Art,11/11/2011,11/10/2012,12/23/2015
147,63,"Focus: Portraits, Picturing Women at the Turn of the Twentieth Century",6/17/2012,6/2/2013,177,717,Crystal Bridges Museum of American Art,,,12/23/2015
148,10,Celebrating the American Spirit,11/11/2011,11/10/2012,78,717,Crystal Bridges Museum of American Art,11/11/2011,11/10/2012,12/23/2015
148,19,Kindred Spirits: Asher B. Durand and the American Landscape,3/30/2007,4/27/2008,21,286,Brooklyn Museum,3/30/2007,7/29/2007,12/23/2015
148,19,Kindred Spirits: Asher B. Durand and the American Landscape,3/30/2007,4/27/2008,22,926,Smithsonian American Art Museum,9/14/2007,1/6/2008,12/23/2015
148,19,Kindred Spirits: Asher B. Durand and the American Landscape,3/30/2007,4/27/2008,23,927,The San Diego Museum of Art,2/2/2008,4/27/2008,12/23/2015
148,117,Picturing the Americas: Landscape Painting from Tierra del Fuego to the Arctic,11/7/2015,1/18/2016,201,2272,Art Gallery of Ontario,6/20/2015,9/7/2015,12/23/2015
148,117,Picturing the Americas: Landscape Painting from Tierra del Fuego to the Arctic,11/7/2015,1/18/2016,202,717,Crystal Bridges Museum of American Art,11/7/2015,1/18/2016,12/23/2015
148,117,Picturing the Americas: Landscape Painting from Tierra del Fuego to the Arctic,11/7/2015,1/18/2016,203,2273,Pinacoteca do Estado de São Paulo,2/27/2016,5/29/2015,12/23/2015
150,10,Celebrating the American Spirit,11/11/2011,11/10/2012,78,717,Crystal Bridges Museum of American Art,11/11/2011,11/10/2012,12/23/2015
150,88,The Artistic Journey of Yasuo Kuniyoshi,4/3/2015,8/30/2015,153,926,Smithsonian American Art Museum,4/3/2015,8/30/2015,12/23/2015
159,10,Celebrating the American Spirit,11/11/2011,11/10/2012,78,717,Crystal Bridges Museum of American Art,11/11/2011,11/10/2012,12/23/2015
161,10,Celebrating the American Spirit,11/11/2011,11/10/2012,78,717,Crystal Bridges Museum of American Art,11/11/2011,11/10/2012,12/23/2015
161,17,Sargent / Sorolla,10/3/2006,5/13/2007,51,257,Thyssen-Bornemisza Museum,10/3/2006,1/7/2007,12/23/2015
161,17,Sargent / Sorolla,10/3/2006,5/13/2007,52,942,"Petit Palais, City of Paris Fine Art Museum",2/12/2007,5/13/2007,12/23/2015
161,64,Sargent: Portraits of Artists and Friends,,,118,1220,National Portrait Gallery,2/12/2015,5/25/2015,12/23/2015
161,64,Sargent: Portraits of Artists and Friends,,,119,485,The Metropolitan Museum of Art,6/29/2015,10/4/2015,12/23/2015
163,10,Celebrating the American Spirit,11/11/2011,11/10/2012,78,717,Crystal Bridges Museum of American Art,11/11/2011,11/10/2012,12/23/2015
164,10,Celebrating the American Spirit,11/11/2011,11/10/2012,78,717,Crystal Bridges Museum of American Art,11/11/2011,11/10/2012,12/23/2015
165,10,Celebrating the American Spirit,11/11/2011,11/10/2012,78,717,Crystal Bridges Museum of American Art,11/11/2011,11/10/2012,12/23/2015
166,10,Celebrating the American Spirit,11/11/2011,11/10/2012,78,717,Crystal Bridges Museum of American Art,11/11/2011,11/10/2012,12/23/2015
167,10,Celebrating the American Spirit,11/11/2011,11/10/2012,78,717,Crystal Bridges Museum of American Art,11/11/2011,11/10/2012,12/23/2015
168,10,Celebrating the American Spirit,11/11/2011,11/10/2012,78,717,Crystal Bridges Museum of American Art,11/11/2011,11/10/2012,12/23/2015
169,10,Celebrating the American Spirit,11/11/2011,11/10/2012,78,717,Crystal Bridges Museum of American Art,11/11/2011,11/10/2012,12/23/2015
170,10,Celebrating the American Spirit,11/11/2011,11/10/2012,78,717,Crystal Bridges Museum of American Art,11/11/2011,11/10/2012,12/23/2015
171,10,Celebrating the American Spirit,11/11/2011,11/10/2012,78,717,Crystal Bridges Museum of American Art,11/11/2011,11/10/2012,12/23/2015
173,10,Celebrating the American Spirit,11/11/2011,11/10/2012,78,717,Crystal Bridges Museum of American Art,11/11/2011,11/10/2012,12/23/2015
174,10,Celebrating the American Spirit,11/11/2011,11/10/2012,78,717,Crystal Bridges Museum of American Art,11/11/2011,11/10/2012,12/23/2015
175,70,Alfred Maurer: Art on the Edge,10/10/2015,1/4/2016,123,1422,Addison Gallery of American Art,4/25/2015,7/31/2015,12/23/2015
175,70,Alfred Maurer: Art on the Edge,10/10/2015,1/4/2016,137,717,Crystal Bridges Museum of American Art,10/7/2015,1/4/2016,12/23/2015
176,10,Celebrating the American Spirit,11/11/2011,11/10/2012,78,717,Crystal Bridges Museum of American Art,11/11/2011,11/10/2012,12/23/2015
177,10,Celebrating the American Spirit,11/11/2011,11/10/2012,78,717,Crystal Bridges Museum of American Art,11/11/2011,11/10/2012,12/23/2015
177,54,Art Interrupted: Advancing American Art and the Politics of Cultural Diplomacy,9/1/2012,6/2/2013,86,1115,Jule Collins Smith Museum of Fine Art,9/1/2012,1/5/2013,12/23/2015
177,54,Art Interrupted: Advancing American Art and the Politics of Cultural Diplomacy,9/1/2012,6/2/2013,87,1116,Fred Jones Jr. Museum of Art,3/1/2013,6/2/2013,12/23/2015
177,54,Art Interrupted: Advancing American Art and the Politics of Cultural Diplomacy,9/1/2012,6/2/2013,88,1117,Indiana University Art Museum,9/14/2013,12/15/2013,12/23/2015
177,54,Art Interrupted: Advancing American Art and the Politics of Cultural Diplomacy,9/1/2012,6/2/2013,89,1118,Georgia Museum of Art,1/25/2014,4/20/2014,12/23/2015
177,92,The European Connection,3/15/2014,7/7/2014,161,717,Crystal Bridges Museum of American Art,3/15/2014,7/7/2014,12/23/2015
178,10,Celebrating the American Spirit,11/11/2011,11/10/2012,78,717,Crystal Bridges Museum of American Art,11/11/2011,11/10/2012,12/23/2015
178,92,The European Connection,3/15/2014,7/7/2014,161,717,Crystal Bridges Museum of American Art,3/15/2014,7/7/2014,12/23/2015
179,49,Wonder World,11/11/2011,4/2/2012,79,717,Crystal Bridges Museum of American Art,11/11/2011,5/5/2012,12/23/2015
180,55,Models and Muses: Max Weber and the Figure,11/4/2012,5/20/2013,92,786,Philbrook Museum of Art,11/4/2012,2/3/2013,12/23/2015
180,68,Max Weber: Bringing Paris to New York,3/3/2013,6/30/2013,121,933,The Baltimore Museum of Art,3/3/2013,6/30/2013,12/23/2015
180,92,The European Connection,3/15/2014,7/7/2014,161,717,Crystal Bridges Museum of American Art,3/15/2014,7/7/2014,12/23/2015
181,10,Celebrating the American Spirit,11/11/2011,11/10/2012,78,717,Crystal Bridges Museum of American Art,11/11/2011,11/10/2012,12/23/2015
181,111,Changing Perspectives of Native Americans,1/16/2015,8/3/2015,197,717,Crystal Bridges Museum of American Art,1/16/2015,8/3/2015,12/23/2015
189,10,Celebrating the American Spirit,11/11/2011,11/10/2012,78,717,Crystal Bridges Museum of American Art,11/11/2011,11/10/2012,12/23/2015
190,10,Celebrating the American Spirit,11/11/2011,11/10/2012,78,717,Crystal Bridges Museum of American Art,11/11/2011,11/10/2012,12/23/2015
191,10,Celebrating the American Spirit,11/11/2011,11/10/2012,78,717,Crystal Bridges Museum of American Art,11/11/2011,11/10/2012,12/23/2015
192,10,Celebrating the American Spirit,11/11/2011,11/10/2012,78,717,Crystal Bridges Museum of American Art,11/11/2011,11/10/2012,12/23/2015
192,21,French Founding Father: Lafayette's Return to Washington's America,11/16/2007,8/10/2008,26,445,New-York Historical Society,11/16/2007,8/10/2008,12/23/2015
192,105,Lafayette: An American Icon,6/17/2015,9/27/2015,184,2183,Boston Athenaeum,6/17/2015,9/27/2015,12/23/2015
193,10,Celebrating the American Spirit,11/11/2011,11/10/2012,78,717,Crystal Bridges Museum of American Art,11/11/2011,11/10/2012,12/23/2015
193,72,American Encounters: Anglo-American Portraiture in an Era of Revolution,5/17/2014,9/15/2014,129,1022,Musée du Louvre,1/31/2014,4/28/2014,12/23/2015
193,72,American Encounters: Anglo-American Portraiture in an Era of Revolution,5/17/2014,9/15/2014,131,717,Crystal Bridges Museum of American Art,5/17/2014,9/15/2014,12/23/2015
193,72,American Encounters: Anglo-American Portraiture in an Era of Revolution,5/17/2014,9/15/2014,130,1023,High Museum of Art,9/28/2014,1/18/2015,12/23/2015
193,80,George Washington's 'Acts of Congress',6/28/2013,7/12/2013,139,1393,William J. Clinton Presidential Library and Museum,,,12/23/2015
194,10,Celebrating the American Spirit,11/11/2011,11/10/2012,78,717,Crystal Bridges Museum of American Art,11/11/2011,11/10/2012,12/23/2015
195,10,Celebrating the American Spirit,11/11/2011,11/10/2012,78,717,Crystal Bridges Museum of American Art,11/11/2011,11/10/2012,12/23/2015
196,10,Celebrating the American Spirit,11/11/2011,11/10/2012,78,717,Crystal Bridges Museum of American Art,11/11/2011,11/10/2012,12/23/2015
197,10,Celebrating the American Spirit,11/11/2011,11/10/2012,78,717,Crystal Bridges Museum of American Art,11/11/2011,11/10/2012,12/23/2015
198,10,Celebrating the American Spirit,11/11/2011,11/10/2012,78,717,Crystal Bridges Museum of American Art,11/11/2011,11/10/2012,12/23/2015
199,10,Celebrating the American Spirit,11/11/2011,11/10/2012,78,717,Crystal Bridges Museum of American Art,11/11/2011,11/10/2012,12/23/2015
200,10,Celebrating the American Spirit,11/11/2011,11/10/2012,78,717,Crystal Bridges Museum of American Art,11/11/2011,11/10/2012,12/23/2015
202,10,Celebrating the American Spirit,11/11/2011,11/10/2012,78,717,Crystal Bridges Museum of American Art,11/11/2011,11/10/2012,12/23/2015
202,14,Infamous New York,2/19/2006,5/14/2006,13,159,Nassau County Museum of Art,2/19/2006,5/14/2006,12/23/2015
203,10,Celebrating the American Spirit,11/11/2011,11/10/2012,78,717,Crystal Bridges Museum of American Art,11/11/2011,11/10/2012,12/23/2015
203,111,Changing Perspectives of Native Americans,1/16/2015,8/3/2015,197,717,Crystal Bridges Museum of American Art,1/16/2015,8/3/2015,12/23/2015
204,10,Celebrating the American Spirit,11/11/2011,11/10/2012,78,717,Crystal Bridges Museum of American Art,11/11/2011,11/10/2012,12/23/2015
204,116,Georgia O'Keeffe: See What I See,3/28/2015,5/10/2015,200,717,Crystal Bridges Museum of American Art,3/28/2015,5/10/2015,12/23/2015
209,10,Celebrating the American Spirit,11/11/2011,11/10/2012,78,717,Crystal Bridges Museum of American Art,11/11/2011,11/10/2012,12/23/2015
209,92,The European Connection,3/15/2014,7/7/2014,161,717,Crystal Bridges Museum of American Art,3/15/2014,7/7/2014,12/23/2015
224,10,Celebrating the American Spirit,11/11/2011,11/10/2012,78,717,Crystal Bridges Museum of American Art,11/11/2011,11/10/2012,12/23/2015
228,10,Celebrating the American Spirit,11/11/2011,11/10/2012,78,717,Crystal Bridges Museum of American Art,11/11/2011,11/10/2012,12/23/2015
228,92,The European Connection,3/15/2014,7/7/2014,161,717,Crystal Bridges Museum of American Art,3/15/2014,7/7/2014,12/23/2015
229,10,Celebrating the American Spirit,11/11/2011,11/10/2012,78,717,Crystal Bridges Museum of American Art,11/11/2011,11/10/2012,12/23/2015
230,111,Changing Perspectives of Native Americans,1/16/2015,8/3/2015,197,717,Crystal Bridges Museum of American Art,1/16/2015,8/3/2015,12/23/2015
231,10,Celebrating the American Spirit,11/11/2011,11/10/2012,78,717,Crystal Bridges Museum of American Art,11/11/2011,11/10/2012,12/23/2015
243,96,John James Audubon and the Artist as Naturalist,9/27/2014,1/5/2015,167,717,Crystal Bridges Museum of American Art,9/27/2014,1/5/2015,12/23/2015
244,96,John James Audubon and the Artist as Naturalist,9/27/2014,1/5/2015,167,717,Crystal Bridges Museum of American Art,9/27/2014,1/5/2015,12/23/2015
245,96,John James Audubon and the Artist as Naturalist,9/27/2014,1/5/2015,167,717,Crystal Bridges Museum of American Art,9/27/2014,1/5/2015,12/23/2015
290,10,Celebrating the American Spirit,11/11/2011,11/10/2012,78,717,Crystal Bridges Museum of American Art,11/11/2011,11/10/2012,12/23/2015
291,10,Celebrating the American Spirit,11/11/2011,11/10/2012,78,717,Crystal Bridges Museum of American Art,11/11/2011,11/10/2012,12/23/2015
292,10,Celebrating the American Spirit,11/11/2011,11/10/2012,78,717,Crystal Bridges Museum of American Art,11/11/2011,11/10/2012,12/23/2015
292,87,The Artist's Garden,,,150,409,Pennsylvania Academy of the Fine Arts,2/13/2015,5/24/2015,12/23/2015
292,87,The Artist's Garden,,,151,1150,Chrysler Museum of Art,6/16/2015,9/6/2015,12/23/2015
292,87,The Artist's Garden,,,152,1666,Reynolda House Museum of American Art,10/1/2015,1/3/2016,12/23/2015
292,128,Impressionism: American Gardens on Canvas,5/13/2016,9/11/2016,225,2659,The New York Botanical Garden,5/13/2016,9/11/2016,12/23/2015
292,128,Impressionism: American Gardens on Canvas,5/13/2016,9/11/2016,226,938,Taubman Museum of Art,2/3/2017,5/19/2017,12/23/2015
293,10,Celebrating the American Spirit,11/11/2011,11/10/2012,78,717,Crystal Bridges Museum of American Art,11/11/2011,11/10/2012,12/23/2015
304,114,Yosemite: Art and a National Icon,2/6/2015,6/8/2015,198,717,Crystal Bridges Museum of American Art,2/6/2015,12/31/2015,12/23/2015
305,10,Celebrating the American Spirit,11/11/2011,11/10/2012,78,717,Crystal Bridges Museum of American Art,11/11/2011,11/10/2012,12/23/2015
306,10,Celebrating the American Spirit,11/11/2011,11/10/2012,78,717,Crystal Bridges Museum of American Art,11/11/2011,11/10/2012,12/23/2015
307,93,American Encounters: The Simple Pleasures of Still Life,1/31/2015,1/31/2016,162,1022,Musée du Louvre,1/31/2015,4/28/2015,12/23/2015
307,93,American Encounters: The Simple Pleasures of Still Life,1/31/2015,1/31/2016,164,717,Crystal Bridges Museum of American Art,5/16/2015,9/14/2015,12/23/2015
307,93,American Encounters: The Simple Pleasures of Still Life,1/31/2015,1/31/2016,163,1023,High Museum of Art,9/26/2015,1/31/2016,12/23/2015
313,10,Celebrating the American Spirit,11/11/2011,11/10/2012,78,717,Crystal Bridges Museum of American Art,11/11/2011,11/10/2012,12/23/2015
313,22,Landscape of Slavery: The Plantation in American Art,1/18/2008,10/19/2008,27,930,University of Virginia Art Museum,1/18/2008,4/20/2008,12/23/2015
313,22,Landscape of Slavery: The Plantation in American Art,1/18/2008,10/19/2008,28,454,Gibbes Museum of Art,5/9/2008,8/31/2008,12/23/2015
313,22,Landscape of Slavery: The Plantation in American Art,1/18/2008,10/19/2008,29,931,Morris Museum of Art,8/23/2008,10/19/2008,12/23/2015
313,76,This Land: Picturing a Changing America in the 1930s and 1940s,8/31/2013,1/7/2014,138,717,Crystal Bridges Museum of American Art,,,12/23/2015
313,109,Grant Wood and the American Farm,9/9/2016,12/31/2016,195,1666,Reynolda House Museum of American Art,9/9/2016,12/31/2016,12/23/2015
315,10,Celebrating the American Spirit,11/11/2011,11/10/2012,78,717,Crystal Bridges Museum of American Art,11/11/2011,11/10/2012,12/23/2015
315,107,William Merritt Chase: A Retrospective,6/4/2016,2017-05,188,935,The Phillips Collection,6/4/2016,9/11/2016,12/23/2015
315,107,William Merritt Chase: A Retrospective,6/4/2016,2017-05,189,343,"Museum of Fine Arts, Boston",2016-10,2017-01,12/23/2015
315,107,William Merritt Chase: A Retrospective,6/4/2016,2017-05,191,2185,Ca'Pesaro International Gallery of Modern Art,2017-02,2017-05,12/23/2015
316,10,Celebrating the American Spirit,11/11/2011,11/10/2012,78,717,Crystal Bridges Museum of American Art,11/11/2011,11/10/2012,12/23/2015
318,10,Celebrating the American Spirit,11/11/2011,11/10/2012,78,717,Crystal Bridges Museum of American Art,11/11/2011,11/10/2012,12/23/2015
319,10,Celebrating the American Spirit,11/11/2011,11/10/2012,78,717,Crystal Bridges Museum of American Art,11/11/2011,11/10/2012,12/23/2015
320,10,Celebrating the American Spirit,11/11/2011,11/10/2012,78,717,Crystal Bridges Museum of American Art,11/11/2011,11/10/2012,12/23/2015
321,10,Celebrating the American Spirit,11/11/2011,11/10/2012,78,717,Crystal Bridges Museum of American Art,11/11/2011,11/10/2012,12/23/2015
322,10,Celebrating the American Spirit,11/11/2011,11/10/2012,78,717,Crystal Bridges Museum of American Art,11/11/2011,11/10/2012,12/23/2015
323,10,Celebrating the American Spirit,11/11/2011,11/10/2012,78,717,Crystal Bridges Museum of American Art,11/11/2011,11/10/2012,12/23/2015
324,10,Celebrating the American Spirit,11/11/2011,11/10/2012,78,717,Crystal Bridges Museum of American Art,11/11/2011,11/10/2012,12/23/2015
325,10,Celebrating the American Spirit,11/11/2011,11/10/2012,78,717,Crystal Bridges Museum of American Art,11/11/2011,11/10/2012,12/23/2015
326,10,Celebrating the American Spirit,11/11/2011,11/10/2012,78,717,Crystal Bridges Museum of American Art,11/11/2011,11/10/2012,12/23/2015
327,10,Celebrating the American Spirit,11/11/2011,11/10/2012,78,717,Crystal Bridges Museum of American Art,11/11/2011,11/10/2012,12/23/2015
328,10,Celebrating the American Spirit,11/11/2011,11/10/2012,78,717,Crystal Bridges Museum of American Art,11/11/2011,11/10/2012,12/23/2015
329,10,Celebrating the American Spirit,11/11/2011,11/10/2012,78,717,Crystal Bridges Museum of American Art,11/11/2011,11/10/2012,12/23/2015
330,10,Celebrating the American Spirit,11/11/2011,11/10/2012,78,717,Crystal Bridges Museum of American Art,11/11/2011,11/10/2012,12/23/2015
331,10,Celebrating the American Spirit,11/11/2011,11/10/2012,78,717,Crystal Bridges Museum of American Art,11/11/2011,11/10/2012,12/23/2015
332,10,Celebrating the American Spirit,11/11/2011,11/10/2012,78,717,Crystal Bridges Museum of American Art,11/11/2011,11/10/2012,12/23/2015
333,10,Celebrating the American Spirit,11/11/2011,11/10/2012,78,717,Crystal Bridges Museum of American Art,11/11/2011,11/10/2012,12/23/2015
334,10,Celebrating the American Spirit,11/11/2011,11/10/2012,78,717,Crystal Bridges Museum of American Art,11/11/2011,11/10/2012,12/23/2015
335,10,Celebrating the American Spirit,11/11/2011,11/10/2012,78,717,Crystal Bridges Museum of American Art,11/11/2011,11/10/2012,12/23/2015
336,10,Celebrating the American Spirit,11/11/2011,11/10/2012,78,717,Crystal Bridges Museum of American Art,11/11/2011,11/10/2012,12/23/2015
337,10,Celebrating the American Spirit,11/11/2011,11/10/2012,78,717,Crystal Bridges Museum of American Art,11/11/2011,11/10/2012,12/23/2015
338,10,Celebrating the American Spirit,11/11/2011,11/10/2012,78,717,Crystal Bridges Museum of American Art,11/11/2011,11/10/2012,12/23/2015
339,10,Celebrating the American Spirit,11/11/2011,11/10/2012,78,717,Crystal Bridges Museum of American Art,11/11/2011,11/10/2012,12/23/2015
340,10,Celebrating the American Spirit,11/11/2011,11/10/2012,78,717,Crystal Bridges Museum of American Art,11/11/2011,11/10/2012,12/23/2015
346,10,Celebrating the American Spirit,11/11/2011,11/10/2012,78,717,Crystal Bridges Museum of American Art,11/11/2011,11/10/2012,12/23/2015
377,10,Celebrating the American Spirit,11/11/2011,11/10/2012,78,717,Crystal Bridges Museum of American Art,11/11/2011,11/10/2012,12/23/2015
377,92,The European Connection,3/15/2014,7/7/2014,161,717,Crystal Bridges Museum of American Art,3/15/2014,7/7/2014,12/23/2015
381,10,Celebrating the American Spirit,11/11/2011,11/10/2012,78,717,Crystal Bridges Museum of American Art,11/11/2011,11/10/2012,12/23/2015
382,10,Celebrating the American Spirit,11/11/2011,11/10/2012,78,717,Crystal Bridges Museum of American Art,11/11/2011,11/10/2012,12/23/2015
383,10,Celebrating the American Spirit,11/11/2011,11/10/2012,78,717,Crystal Bridges Museum of American Art,11/11/2011,11/10/2012,12/23/2015
384,10,Celebrating the American Spirit,11/11/2011,11/10/2012,78,717,Crystal Bridges Museum of American Art,11/11/2011,11/10/2012,12/23/2015
384,92,The European Connection,3/15/2014,7/7/2014,161,717,Crystal Bridges Museum of American Art,3/15/2014,7/7/2014,12/23/2015
388,10,Celebrating the American Spirit,11/11/2011,11/10/2012,78,717,Crystal Bridges Museum of American Art,11/11/2011,11/10/2012,12/23/2015
406,10,Celebrating the American Spirit,11/11/2011,11/10/2012,78,717,Crystal Bridges Museum of American Art,11/11/2011,11/10/2012,12/23/2015
406,51,American Encounters: Thomas Cole and the Narrative Landscape,1/13/2012,1/6/2013,80,1022,Musée du Louvre,1/14/2012,4/16/2012,12/23/2015
406,51,American Encounters: Thomas Cole and the Narrative Landscape,1/13/2012,1/6/2013,81,717,Crystal Bridges Museum of American Art,5/12/2012,8/13/2012,12/23/2015
406,51,American Encounters: Thomas Cole and the Narrative Landscape,1/13/2012,1/6/2013,82,1023,High Museum of Art,9/22/2012,1/6/2013,12/23/2015
407,10,Celebrating the American Spirit,11/11/2011,11/10/2012,78,717,Crystal Bridges Museum of American Art,11/11/2011,11/10/2012,12/23/2015
407,125,"Samuel F. B. Morse's ""Gallery of the Louvre"" and the Art of the Invention",1/23/2016,4/18/2016,222,717,Crystal Bridges Museum of American Art,1/9/2016,5/6/2016,12/23/2015
409,10,Celebrating the American Spirit,11/11/2011,11/10/2012,78,717,Crystal Bridges Museum of American Art,11/11/2011,11/10/2012,12/23/2015
410,10,Celebrating the American Spirit,11/11/2011,11/10/2012,78,717,Crystal Bridges Museum of American Art,11/11/2011,11/10/2012,12/23/2015
410,92,The European Connection,3/15/2014,7/7/2014,161,717,Crystal Bridges Museum of American Art,3/15/2014,7/7/2014,12/23/2015
419,10,Celebrating the American Spirit,11/11/2011,11/10/2012,78,717,Crystal Bridges Museum of American Art,11/11/2011,11/10/2012,12/23/2015
423,24,Recent Paintings by Richard Estes,10/14/2008,11/18/2008,30,298,Marlborough Gallery,10/14/2008,11/15/2008,12/23/2015
423,49,Wonder World,11/11/2011,4/2/2012,79,717,Crystal Bridges Museum of American Art,11/11/2011,5/5/2012,12/23/2015
424,24,Recent Paintings by Richard Estes,10/14/2008,11/18/2008,30,298,Marlborough Gallery,10/14/2008,11/15/2008,12/23/2015
424,49,Wonder World,11/11/2011,4/2/2012,79,717,Crystal Bridges Museum of American Art,11/11/2011,5/5/2012,12/23/2015
425,10,Celebrating the American Spirit,11/11/2011,11/10/2012,78,717,Crystal Bridges Museum of American Art,11/11/2011,11/10/2012,12/23/2015
425,68,Max Weber: Bringing Paris to New York,3/3/2013,6/30/2013,121,933,The Baltimore Museum of Art,3/3/2013,6/30/2013,12/23/2015
425,92,The European Connection,3/15/2014,7/7/2014,161,717,Crystal Bridges Museum of American Art,3/15/2014,7/7/2014,12/23/2015
428,10,Celebrating the American Spirit,11/11/2011,11/10/2012,78,717,Crystal Bridges Museum of American Art,11/11/2011,11/10/2012,12/23/2015
434,77,American Experience: Genre Scenes on Paper from Crystal Bridges’ Permanent Collection,5/11/2013,8/12/2013,134,717,Crystal Bridges Museum of American Art,5/11/2013,8/12/2013,12/23/2015
440,96,John James Audubon and the Artist as Naturalist,9/27/2014,1/5/2015,167,717,Crystal Bridges Museum of American Art,9/27/2014,1/5/2015,12/23/2015
443,96,John James Audubon and the Artist as Naturalist,9/27/2014,1/5/2015,167,717,Crystal Bridges Museum of American Art,9/27/2014,1/5/2015,12/23/2015
444,77,American Experience: Genre Scenes on Paper from Crystal Bridges’ Permanent Collection,5/11/2013,8/12/2013,134,717,Crystal Bridges Museum of American Art,5/11/2013,8/12/2013,12/23/2015
445,77,American Experience: Genre Scenes on Paper from Crystal Bridges’ Permanent Collection,5/11/2013,8/12/2013,134,717,Crystal Bridges Museum of American Art,5/11/2013,8/12/2013,12/23/2015
448,125,"Samuel F. B. Morse's ""Gallery of the Louvre"" and the Art of the Invention",1/23/2016,4/18/2016,222,717,Crystal Bridges Museum of American Art,1/9/2016,5/6/2016,12/23/2015
449,77,American Experience: Genre Scenes on Paper from Crystal Bridges’ Permanent Collection,5/11/2013,8/12/2013,134,717,Crystal Bridges Museum of American Art,5/11/2013,8/12/2013,12/23/2015
452,125,"Samuel F. B. Morse's ""Gallery of the Louvre"" and the Art of the Invention",1/23/2016,4/18/2016,222,717,Crystal Bridges Museum of American Art,1/9/2016,5/6/2016,12/23/2015
454,10,Celebrating the American Spirit,11/11/2011,11/10/2012,78,717,Crystal Bridges Museum of American Art,11/11/2011,11/10/2012,12/23/2015
454,111,Changing Perspectives of Native Americans,1/16/2015,8/3/2015,197,717,Crystal Bridges Museum of American Art,1/16/2015,8/3/2015,12/23/2015
455,77,American Experience: Genre Scenes on Paper from Crystal Bridges’ Permanent Collection,5/11/2013,8/12/2013,134,717,Crystal Bridges Museum of American Art,5/11/2013,8/12/2013,12/23/2015
459,77,American Experience: Genre Scenes on Paper from Crystal Bridges’ Permanent Collection,5/11/2013,8/12/2013,134,717,Crystal Bridges Museum of American Art,5/11/2013,8/12/2013,12/23/2015
472,77,American Experience: Genre Scenes on Paper from Crystal Bridges’ Permanent Collection,5/11/2013,8/12/2013,134,717,Crystal Bridges Museum of American Art,5/11/2013,8/12/2013,12/23/2015
474,111,Changing Perspectives of Native Americans,1/16/2015,8/3/2015,197,717,Crystal Bridges Museum of American Art,1/16/2015,8/3/2015,12/23/2015
475,77,American Experience: Genre Scenes on Paper from Crystal Bridges’ Permanent Collection,5/11/2013,8/12/2013,134,717,Crystal Bridges Museum of American Art,5/11/2013,8/12/2013,12/23/2015
501,77,American Experience: Genre Scenes on Paper from Crystal Bridges’ Permanent Collection,5/11/2013,8/12/2013,134,717,Crystal Bridges Museum of American Art,5/11/2013,8/12/2013,12/23/2015
511,10,Celebrating the American Spirit,11/11/2011,11/10/2012,78,717,Crystal Bridges Museum of American Art,11/11/2011,11/10/2012,12/23/2015
526,77,American Experience: Genre Scenes on Paper from Crystal Bridges’ Permanent Collection,5/11/2013,8/12/2013,134,717,Crystal Bridges Museum of American Art,5/11/2013,8/12/2013,12/23/2015
533,125,"Samuel F. B. Morse's ""Gallery of the Louvre"" and the Art of the Invention",1/23/2016,4/18/2016,222,717,Crystal Bridges Museum of American Art,1/9/2016,5/6/2016,12/23/2015
541,77,American Experience: Genre Scenes on Paper from Crystal Bridges’ Permanent Collection,5/11/2013,8/12/2013,134,717,Crystal Bridges Museum of American Art,5/11/2013,8/12/2013,12/23/2015
547,77,American Experience: Genre Scenes on Paper from Crystal Bridges’ Permanent Collection,5/11/2013,8/12/2013,134,717,Crystal Bridges Museum of American Art,5/11/2013,8/12/2013,12/23/2015
559,10,Celebrating the American Spirit,11/11/2011,11/10/2012,78,717,Crystal Bridges Museum of American Art,11/11/2011,11/10/2012,12/23/2015
564,77,American Experience: Genre Scenes on Paper from Crystal Bridges’ Permanent Collection,5/11/2013,8/12/2013,134,717,Crystal Bridges Museum of American Art,5/11/2013,8/12/2013,12/23/2015
573,77,American Experience: Genre Scenes on Paper from Crystal Bridges’ Permanent Collection,5/11/2013,8/12/2013,134,717,Crystal Bridges Museum of American Art,5/11/2013,8/12/2013,12/23/2015
583,10,Celebrating the American Spirit,11/11/2011,11/10/2012,78,717,Crystal Bridges Museum of American Art,11/11/2011,11/10/2012,12/23/2015
585,10,Celebrating the American Spirit,11/11/2011,11/10/2012,78,717,Crystal Bridges Museum of American Art,11/11/2011,11/10/2012,12/23/2015
585,113,Art in a Day's Work: Images of Labor 1935-1943,2/6/2015,4/5/2015,196,717,Crystal Bridges Museum of American Art,2/6/2015,4/5/2015,12/23/2015
586,10,Celebrating the American Spirit,11/11/2011,11/10/2012,78,717,Crystal Bridges Museum of American Art,11/11/2011,11/10/2012,12/23/2015
587,10,Celebrating the American Spirit,11/11/2011,11/10/2012,78,717,Crystal Bridges Museum of American Art,11/11/2011,11/10/2012,12/23/2015
588,10,Celebrating the American Spirit,11/11/2011,11/10/2012,78,717,Crystal Bridges Museum of American Art,11/11/2011,11/10/2012,12/23/2015
588,113,Art in a Day's Work: Images of Labor 1935-1943,2/6/2015,4/5/2015,196,717,Crystal Bridges Museum of American Art,2/6/2015,4/5/2015,12/23/2015
589,10,Celebrating the American Spirit,11/11/2011,11/10/2012,78,717,Crystal Bridges Museum of American Art,11/11/2011,11/10/2012,12/23/2015
590,10,Celebrating the American Spirit,11/11/2011,11/10/2012,78,717,Crystal Bridges Museum of American Art,11/11/2011,11/10/2012,12/23/2015
591,10,Celebrating the American Spirit,11/11/2011,11/10/2012,78,717,Crystal Bridges Museum of American Art,11/11/2011,11/10/2012,12/23/2015
593,10,Celebrating the American Spirit,11/11/2011,11/10/2012,78,717,Crystal Bridges Museum of American Art,11/11/2011,11/10/2012,12/23/2015
626,10,Celebrating the American Spirit,11/11/2011,11/10/2012,78,717,Crystal Bridges Museum of American Art,11/11/2011,11/10/2012,12/23/2015
648,49,Wonder World,11/11/2011,4/2/2012,79,717,Crystal Bridges Museum of American Art,11/11/2011,5/5/2012,12/23/2015
653,10,Celebrating the American Spirit,11/11/2011,11/10/2012,78,717,Crystal Bridges Museum of American Art,11/11/2011,11/10/2012,12/23/2015
653,92,The European Connection,3/15/2014,7/7/2014,161,717,Crystal Bridges Museum of American Art,3/15/2014,7/7/2014,12/23/2015
664,96,John James Audubon and the Artist as Naturalist,9/27/2014,1/5/2015,167,717,Crystal Bridges Museum of American Art,9/27/2014,1/5/2015,12/23/2015
670,10,Celebrating the American Spirit,11/11/2011,11/10/2012,78,717,Crystal Bridges Museum of American Art,11/11/2011,11/10/2012,12/23/2015
672,10,Celebrating the American Spirit,11/11/2011,11/10/2012,78,717,Crystal Bridges Museum of American Art,11/11/2011,11/10/2012,12/23/2015
677,10,Celebrating the American Spirit,11/11/2011,11/10/2012,78,717,Crystal Bridges Museum of American Art,11/11/2011,11/10/2012,12/23/2015
679,73,Jamie Wyeth,7/25/2015,10/5/2015,132,343,"Museum of Fine Arts, Boston",7/8/2014,12/28/2014,12/23/2015
679,73,Jamie Wyeth,7/25/2015,10/5/2015,144,936,Brandywine River Museum,1/17/2015,4/5/2015,12/23/2015
679,73,Jamie Wyeth,7/25/2015,10/5/2015,145,1644,San Antonio Museum of Art,4/25/2015,7/5/2015,12/23/2015
679,73,Jamie Wyeth,7/25/2015,10/5/2015,146,717,Crystal Bridges Museum of American Art,7/25/2015,10/5/2015,12/23/2015
687,10,Celebrating the American Spirit,11/11/2011,11/10/2012,78,717,Crystal Bridges Museum of American Art,11/11/2011,11/10/2012,12/23/2015
687,111,Changing Perspectives of Native Americans,1/16/2015,8/3/2015,197,717,Crystal Bridges Museum of American Art,1/16/2015,8/3/2015,12/23/2015
688,10,Celebrating the American Spirit,11/11/2011,11/10/2012,78,717,Crystal Bridges Museum of American Art,11/11/2011,11/10/2012,12/23/2015
688,56,"Art and Appetite: American Painting, Culture and Cuisine",11/3/2013,5/18/2014,94,929,Art Institute of Chicago,11/3/2013,1/20/2014,12/23/2015
688,56,"Art and Appetite: American Painting, Culture and Cuisine",11/3/2013,5/18/2014,95,67,Amon Carter Museum of American Art,2/22/2014,5/18/2014,12/23/2015
688,93,American Encounters: The Simple Pleasures of Still Life,1/31/2015,1/31/2016,162,1022,Musée du Louvre,1/31/2015,4/28/2015,12/23/2015
688,93,American Encounters: The Simple Pleasures of Still Life,1/31/2015,1/31/2016,164,717,Crystal Bridges Museum of American Art,5/16/2015,9/14/2015,12/23/2015
688,93,American Encounters: The Simple Pleasures of Still Life,1/31/2015,1/31/2016,163,1023,High Museum of Art,9/26/2015,1/31/2016,12/23/2015
689,10,Celebrating the American Spirit,11/11/2011,11/10/2012,78,717,Crystal Bridges Museum of American Art,11/11/2011,11/10/2012,12/23/2015
690,10,Celebrating the American Spirit,11/11/2011,11/10/2012,78,717,Crystal Bridges Museum of American Art,11/11/2011,11/10/2012,12/23/2015
690,76,This Land: Picturing a Changing America in the 1930s and 1940s,8/31/2013,1/7/2014,138,717,Crystal Bridges Museum of American Art,,,12/23/2015
697,10,Celebrating the American Spirit,11/11/2011,11/10/2012,78,717,Crystal Bridges Museum of American Art,11/11/2011,11/10/2012,12/23/2015
698,10,Celebrating the American Spirit,11/11/2011,11/10/2012,78,717,Crystal Bridges Museum of American Art,11/11/2011,11/10/2012,12/23/2015
700,10,Celebrating the American Spirit,11/11/2011,11/10/2012,78,717,Crystal Bridges Museum of American Art,11/11/2011,11/10/2012,12/23/2015
700,71,The Crossroads of Memory: Carroll Cloar and the American South,,,126,1424,Memphis Brooks Museum of Art,6/1/2013,9/15/2013,12/23/2015
700,71,The Crossroads of Memory: Carroll Cloar and the American South,,,127,1118,Georgia Museum of Art,10/5/2013,1/5/2014,12/23/2015
700,71,The Crossroads of Memory: Carroll Cloar and the American South,,,128,1192,Arkansas Arts Center,3/1/2014,6/1/2014,12/23/2015
701,10,Celebrating the American Spirit,11/11/2011,11/10/2012,78,717,Crystal Bridges Museum of American Art,11/11/2011,11/10/2012,12/23/2015
702,10,Celebrating the American Spirit,11/11/2011,11/10/2012,78,717,Crystal Bridges Museum of American Art,11/11/2011,11/10/2012,12/23/2015
703,10,Celebrating the American Spirit,11/11/2011,11/10/2012,78,717,Crystal Bridges Museum of American Art,11/11/2011,11/10/2012,12/23/2015
704,10,Celebrating the American Spirit,11/11/2011,11/10/2012,78,717,Crystal Bridges Museum of American Art,11/11/2011,11/10/2012,12/23/2015
705,10,Celebrating the American Spirit,11/11/2011,11/10/2012,78,717,Crystal Bridges Museum of American Art,11/11/2011,11/10/2012,12/23/2015
714,10,Celebrating the American Spirit,11/11/2011,11/10/2012,78,717,Crystal Bridges Museum of American Art,11/11/2011,11/10/2012,12/23/2015
721,10,Celebrating the American Spirit,11/11/2011,11/10/2012,78,717,Crystal Bridges Museum of American Art,11/11/2011,11/10/2012,12/23/2015
721,111,Changing Perspectives of Native Americans,1/16/2015,8/3/2015,197,717,Crystal Bridges Museum of American Art,1/16/2015,8/3/2015,12/23/2015
725,10,Celebrating the American Spirit,11/11/2011,11/10/2012,78,717,Crystal Bridges Museum of American Art,11/11/2011,11/10/2012,12/23/2015
1115,10,Celebrating the American Spirit,11/11/2011,11/10/2012,78,717,Crystal Bridges Museum of American Art,11/11/2011,11/10/2012,12/23/2015
1116,10,Celebrating the American Spirit,11/11/2011,11/10/2012,78,717,Crystal Bridges Museum of American Art,11/11/2011,11/10/2012,12/23/2015
1123,77,American Experience: Genre Scenes on Paper from Crystal Bridges’ Permanent Collection,5/11/2013,8/12/2013,134,717,Crystal Bridges Museum of American Art,5/11/2013,8/12/2013,12/23/2015
1176,10,Celebrating the American Spirit,11/11/2011,11/10/2012,78,717,Crystal Bridges Museum of American Art,11/11/2011,11/10/2012,12/23/2015
1188,10,Celebrating the American Spirit,11/11/2011,11/10/2012,78,717,Crystal Bridges Museum of American Art,11/11/2011,11/10/2012,12/23/2015
1188,38,Kerry James Marshall (Canada),5/8/2010,1/3/2011,66,707,Vancouver Art Gallery,5/8/2010,1/3/2011,12/23/2015
1188,67,In the Tower: Kerry James Marshall,6/28/2013,12/7/2013,120,86,National Gallery of Art,6/28/2013,12/7/2013,12/23/2015
1188,120,Kerry James Marshall (USA),4/23/2016,2017-07,210,2558,Museum of Contemporary Art Chicago,4/23/2016,9/25/2016,12/23/2015
1188,120,Kerry James Marshall (USA),4/23/2016,2017-07,211,485,The Metropolitan Museum of Art,10/25/2016,1/30/2017,12/23/2015
1188,120,Kerry James Marshall (USA),4/23/2016,2017-07,212,2314,"Museum of Contemporary Art, Los Angeles",2/26/2017,6/25/2017,12/23/2015
1189,10,Celebrating the American Spirit,11/11/2011,11/10/2012,78,717,Crystal Bridges Museum of American Art,11/11/2011,11/10/2012,12/23/2015
1189,53,George Bellows (1882-1925),,,83,86,National Gallery of Art,6/10/2012,10/8/2012,12/23/2015
1189,53,George Bellows (1882-1925),,,84,485,The Metropolitan Museum of Art,11/12/2012,2/13/2013,12/23/2015
1189,53,George Bellows (1882-1925),,,85,1114,Royal Academy of Arts,3/16/2013,6/9/2013,12/23/2015
1190,10,Celebrating the American Spirit,11/11/2011,11/10/2012,78,717,Crystal Bridges Museum of American Art,11/11/2011,11/10/2012,12/23/2015
1200,49,Wonder World,11/11/2011,4/2/2012,79,717,Crystal Bridges Museum of American Art,11/11/2011,5/5/2012,12/23/2015
1201,10,Celebrating the American Spirit,11/11/2011,11/10/2012,78,717,Crystal Bridges Museum of American Art,11/11/2011,11/10/2012,12/23/2015
1202,27,Jamie Wyeth: Seven Deadly Sins,5/16/2009,5/22/2010,38,653,Farnsworth Art Museum,5/16/2009,8/30/2009,12/23/2015
1202,27,Jamie Wyeth: Seven Deadly Sins,5/16/2009,5/22/2010,37,936,Brandywine River Museum,9/12/2009,11/22/2009,12/23/2015
1202,27,Jamie Wyeth: Seven Deadly Sins,5/16/2009,5/22/2010,39,937,Salt Lake Art Center,1/27/2010,5/22/2010,12/23/2015
1203,27,Jamie Wyeth: Seven Deadly Sins,5/16/2009,5/22/2010,38,653,Farnsworth Art Museum,5/16/2009,8/30/2009,12/23/2015
1203,27,Jamie Wyeth: Seven Deadly Sins,5/16/2009,5/22/2010,37,936,Brandywine River Museum,9/12/2009,11/22/2009,12/23/2015
1203,27,Jamie Wyeth: Seven Deadly Sins,5/16/2009,5/22/2010,39,937,Salt Lake Art Center,1/27/2010,5/22/2010,12/23/2015
1203,49,Wonder World,11/11/2011,4/2/2012,79,717,Crystal Bridges Museum of American Art,11/11/2011,5/5/2012,12/23/2015
1207,10,Celebrating the American Spirit,11/11/2011,11/10/2012,78,717,Crystal Bridges Museum of American Art,11/11/2011,11/10/2012,12/23/2015
1210,49,Wonder World,11/11/2011,4/2/2012,79,717,Crystal Bridges Museum of American Art,11/11/2011,5/5/2012,12/23/2015
1211,10,Celebrating the American Spirit,11/11/2011,11/10/2012,78,717,Crystal Bridges Museum of American Art,11/11/2011,11/10/2012,12/23/2015
1213,31,Walton Ford: Bestiarium,1/23/2010,10/10/2010,47,940,Nationalgalerie im Hamburger Bahnhof - Museum fur Gegenwart - Berlin,1/23/2010,6/6/2010,12/23/2015
1213,31,Walton Ford: Bestiarium,1/23/2010,10/10/2010,65,732,"Albertina, a Federal Museum of the Republic of Austria",6/18/2010,10/10/2010,12/23/2015
1213,36,New Paintings,11/12/2009,12/23/2009,62,662,Paul Kasmin Gallery,11/12/2009,12/23/2009,12/23/2015
1213,49,Wonder World,11/11/2011,4/2/2012,79,717,Crystal Bridges Museum of American Art,11/11/2011,5/5/2012,12/23/2015
1214,44,"Animal Instinct: Allegory, Allusion & Anthropomorphism",10/17/2010,6/5/2011,71,800,John Michael Kohler Arts Center,10/17/2010,6/5/2011,12/23/2015
1214,49,Wonder World,11/11/2011,4/2/2012,79,717,Crystal Bridges Museum of American Art,11/11/2011,5/5/2012,12/23/2015
1214,95,The Singing and the Silence: Birds in Contemporary Art,10/31/2014,2/22/2015,168,926,Smithsonian American Art Museum,10/31/2014,2/22/2015,12/23/2015
1215,49,Wonder World,11/11/2011,4/2/2012,79,717,Crystal Bridges Museum of American Art,11/11/2011,5/5/2012,12/23/2015
1220,10,Celebrating the American Spirit,11/11/2011,11/10/2012,78,717,Crystal Bridges Museum of American Art,11/11/2011,11/10/2012,12/23/2015
1221,10,Celebrating the American Spirit,11/11/2011,11/10/2012,78,717,Crystal Bridges Museum of American Art,11/11/2011,11/10/2012,12/23/2015
1222,10,Celebrating the American Spirit,11/11/2011,11/10/2012,78,717,Crystal Bridges Museum of American Art,11/11/2011,11/10/2012,12/23/2015
1223,10,Celebrating the American Spirit,11/11/2011,11/10/2012,78,717,Crystal Bridges Museum of American Art,11/11/2011,11/10/2012,12/23/2015
1225,49,Wonder World,11/11/2011,4/2/2012,79,717,Crystal Bridges Museum of American Art,11/11/2011,5/5/2012,12/23/2015
1280,10,Celebrating the American Spirit,11/11/2011,11/10/2012,78,717,Crystal Bridges Museum of American Art,11/11/2011,11/10/2012,12/23/2015
1281,10,Celebrating the American Spirit,11/11/2011,11/10/2012,78,717,Crystal Bridges Museum of American Art,11/11/2011,11/10/2012,12/23/2015
1284,49,Wonder World,11/11/2011,4/2/2012,79,717,Crystal Bridges Museum of American Art,11/11/2011,5/5/2012,12/23/2015
1335,10,Celebrating the American Spirit,11/11/2011,11/10/2012,78,717,Crystal Bridges Museum of American Art,11/11/2011,11/10/2012,12/23/2015
1338,10,Celebrating the American Spirit,11/11/2011,11/10/2012,78,717,Crystal Bridges Museum of American Art,11/11/2011,11/10/2012,12/23/2015
1339,10,Celebrating the American Spirit,11/11/2011,11/10/2012,78,717,Crystal Bridges Museum of American Art,11/11/2011,11/10/2012,12/23/2015
1339,110,Warhol's Nature,7/4/2015,10/5/2015,208,717,Crystal Bridges Museum of American Art,7/4/2015,10/5/2015,12/23/2015
1339,131,Southern Accent: Seeking the American South in Contemporary Art,8/25/2016,8/20/2017,233,2717,Nasher Museum of Art at Duke University,8/25/2016,1/8/2017,12/23/2015
1339,131,Southern Accent: Seeking the American South in Contemporary Art,8/25/2016,8/20/2017,234,2720,Speed Art Museum,4/24/2017,8/20/2017,12/23/2015
1340,10,Celebrating the American Spirit,11/11/2011,11/10/2012,78,717,Crystal Bridges Museum of American Art,11/11/2011,11/10/2012,12/23/2015
1340,108,The Art of American Dance,3/20/2016,1/30/2017,192,444,Detroit Institute of Arts,3/20/2016,6/12/2016,12/23/2015
1340,108,The Art of American Dance,3/20/2016,1/30/2017,193,1989,Denver Art Museum,7/10/2016,10/9/2016,12/23/2015
1340,108,The Art of American Dance,3/20/2016,1/30/2017,194,717,Crystal Bridges Museum of American Art,11/5/2016,1/30/2017,12/23/2015
1342,10,Celebrating the American Spirit,11/11/2011,11/10/2012,78,717,Crystal Bridges Museum of American Art,11/11/2011,11/10/2012,12/23/2015
1344,10,Celebrating the American Spirit,11/11/2011,11/10/2012,78,717,Crystal Bridges Museum of American Art,11/11/2011,11/10/2012,12/23/2015
1348,10,Celebrating the American Spirit,11/11/2011,11/10/2012,78,717,Crystal Bridges Museum of American Art,11/11/2011,11/10/2012,12/23/2015
1353,10,Celebrating the American Spirit,11/11/2011,11/10/2012,78,717,Crystal Bridges Museum of American Art,11/11/2011,11/10/2012,12/23/2015
1371,10,Celebrating the American Spirit,11/11/2011,11/10/2012,78,717,Crystal Bridges Museum of American Art,11/11/2011,11/10/2012,12/23/2015
1373,10,Celebrating the American Spirit,11/11/2011,11/10/2012,78,717,Crystal Bridges Museum of American Art,11/11/2011,11/10/2012,12/23/2015
1374,10,Celebrating the American Spirit,11/11/2011,11/10/2012,78,717,Crystal Bridges Museum of American Art,11/11/2011,11/10/2012,12/23/2015
1474,10,Celebrating the American Spirit,11/11/2011,11/10/2012,78,717,Crystal Bridges Museum of American Art,11/11/2011,11/10/2012,12/23/2015
1488,10,Celebrating the American Spirit,11/11/2011,11/10/2012,78,717,Crystal Bridges Museum of American Art,11/11/2011,11/10/2012,12/23/2015
1488,63,"Focus: Portraits, Picturing Women at the Turn of the Twentieth Century",6/17/2012,6/2/2013,177,717,Crystal Bridges Museum of American Art,,,12/23/2015
1491,10,Celebrating the American Spirit,11/11/2011,11/10/2012,78,717,Crystal Bridges Museum of American Art,11/11/2011,11/10/2012,12/23/2015
1492,10,Celebrating the American Spirit,11/11/2011,11/10/2012,78,717,Crystal Bridges Museum of American Art,11/11/2011,11/10/2012,12/23/2015
1493,49,Wonder World,11/11/2011,4/2/2012,79,717,Crystal Bridges Museum of American Art,11/11/2011,5/5/2012,12/23/2015
1494,10,Celebrating the American Spirit,11/11/2011,11/10/2012,78,717,Crystal Bridges Museum of American Art,11/11/2011,11/10/2012,12/23/2015
1496,49,Wonder World,11/11/2011,4/2/2012,79,717,Crystal Bridges Museum of American Art,11/11/2011,5/5/2012,12/23/2015
1497,30,Nick Cave: Meet Me at the Center of the Earth,10/9/2010,11/4/2012,42,785,Norton Museum of Art,10/9/2010,1/9/2011,12/23/2015
1497,30,Nick Cave: Meet Me at the Center of the Earth,10/9/2010,11/4/2012,43,302,Seattle Art Museum,3/10/2011,6/5/2011,12/23/2015
1497,30,Nick Cave: Meet Me at the Center of the Earth,10/9/2010,11/4/2012,44,938,Taubman Museum of Art,9/16/2011,12/31/2011,12/23/2015
1497,30,Nick Cave: Meet Me at the Center of the Earth,10/9/2010,11/4/2012,45,710,Cincinnati Art Museum,1/21/2012,4/29/2012,12/23/2015
1497,30,Nick Cave: Meet Me at the Center of the Earth,10/9/2010,11/4/2012,46,939,Boise Art Museum,5/19/2012,11/4/2012,12/23/2015
1501,10,Celebrating the American Spirit,11/11/2011,11/10/2012,78,717,Crystal Bridges Museum of American Art,11/11/2011,11/10/2012,12/23/2015
1502,10,Celebrating the American Spirit,11/11/2011,11/10/2012,78,717,Crystal Bridges Museum of American Art,11/11/2011,11/10/2012,12/23/2015
1503,10,Celebrating the American Spirit,11/11/2011,11/10/2012,78,717,Crystal Bridges Museum of American Art,11/11/2011,11/10/2012,12/23/2015
1504,10,Celebrating the American Spirit,11/11/2011,11/10/2012,78,717,Crystal Bridges Museum of American Art,11/11/2011,11/10/2012,12/23/2015
1505,10,Celebrating the American Spirit,11/11/2011,11/10/2012,78,717,Crystal Bridges Museum of American Art,11/11/2011,11/10/2012,12/23/2015
1506,49,Wonder World,11/11/2011,4/2/2012,79,717,Crystal Bridges Museum of American Art,11/11/2011,5/5/2012,12/23/2015
1506,115,Art AIDS America,6/6/2015,9/11/2016,204,2314,"Museum of Contemporary Art, Los Angeles",6/6/2015,8/30/2015,12/23/2015
1506,115,Art AIDS America,6/6/2015,9/11/2016,199,1137,Tacoma Art Museum,10/3/2015,1/10/2016,12/23/2015
1506,115,Art AIDS America,6/6/2015,9/11/2016,205,2315,Zuckerman Museum of Art,2/9/2016,5/21/2016,12/23/2015
1506,115,Art AIDS America,6/6/2015,9/11/2016,206,2316,Bronx Museum of the Arts,6/23/2016,9/11/2016,12/23/2015
1507,43,Un/Inhabited,9/10/2010,12/30/2010,73,948,"Savannah College of Art and Design, Pei Ling Chan Gallery",9/10/2010,10/29/2010,12/23/2015
1507,43,Un/Inhabited,9/10/2010,12/30/2010,74,949,"Savannah College of Art and Design, ACA Gallery of SCAD",11/9/2010,12/30/2010,12/23/2015
1507,49,Wonder World,11/11/2011,4/2/2012,79,717,Crystal Bridges Museum of American Art,11/11/2011,5/5/2012,12/23/2015
1516,10,Celebrating the American Spirit,11/11/2011,11/10/2012,78,717,Crystal Bridges Museum of American Art,11/11/2011,11/10/2012,12/23/2015
1517,10,Celebrating the American Spirit,11/11/2011,11/10/2012,78,717,Crystal Bridges Museum of American Art,11/11/2011,11/10/2012,12/23/2015
1517,76,This Land: Picturing a Changing America in the 1930s and 1940s,8/31/2013,1/7/2014,138,717,Crystal Bridges Museum of American Art,,,12/23/2015
1518,10,Celebrating the American Spirit,11/11/2011,11/10/2012,78,717,Crystal Bridges Museum of American Art,11/11/2011,11/10/2012,12/23/2015
1519,49,Wonder World,11/11/2011,4/2/2012,79,717,Crystal Bridges Museum of American Art,11/11/2011,5/5/2012,12/23/2015
1520,49,Wonder World,11/11/2011,4/2/2012,79,717,Crystal Bridges Museum of American Art,11/11/2011,5/5/2012,12/23/2015
1521,10,Celebrating the American Spirit,11/11/2011,11/10/2012,78,717,Crystal Bridges Museum of American Art,11/11/2011,11/10/2012,12/23/2015
1523,10,Celebrating the American Spirit,11/11/2011,11/10/2012,78,717,Crystal Bridges Museum of American Art,11/11/2011,11/10/2012,12/23/2015
1524,49,Wonder World,11/11/2011,4/2/2012,79,717,Crystal Bridges Museum of American Art,11/11/2011,5/5/2012,12/23/2015
1528,10,Celebrating the American Spirit,11/11/2011,11/10/2012,78,717,Crystal Bridges Museum of American Art,11/11/2011,11/10/2012,12/23/2015
1530,49,Wonder World,11/11/2011,4/2/2012,79,717,Crystal Bridges Museum of American Art,11/11/2011,5/5/2012,12/23/2015
1537,10,Celebrating the American Spirit,11/11/2011,11/10/2012,78,717,Crystal Bridges Museum of American Art,11/11/2011,11/10/2012,12/23/2015
1538,10,Celebrating the American Spirit,11/11/2011,11/10/2012,78,717,Crystal Bridges Museum of American Art,11/11/2011,11/10/2012,12/23/2015
1539,10,Celebrating the American Spirit,11/11/2011,11/10/2012,78,717,Crystal Bridges Museum of American Art,11/11/2011,11/10/2012,12/23/2015
1540,10,Celebrating the American Spirit,11/11/2011,11/10/2012,78,717,Crystal Bridges Museum of American Art,11/11/2011,11/10/2012,12/23/2015
1549,41,Michael Waugh: Decline and Fall,3/3/2011,4/9/2011,68,836,Schroeder Romero & Shredder,3/3/2011,4/9/2011,12/23/2015
1549,49,Wonder World,11/11/2011,4/2/2012,79,717,Crystal Bridges Museum of American Art,11/11/2011,5/5/2012,12/23/2015
1550,10,Celebrating the American Spirit,11/11/2011,11/10/2012,78,717,Crystal Bridges Museum of American Art,11/11/2011,11/10/2012,12/23/2015
1552,49,Wonder World,11/11/2011,4/2/2012,79,717,Crystal Bridges Museum of American Art,11/11/2011,5/5/2012,12/23/2015
1553,10,Celebrating the American Spirit,11/11/2011,11/10/2012,78,717,Crystal Bridges Museum of American Art,11/11/2011,11/10/2012,12/23/2015
1554,10,Celebrating the American Spirit,11/11/2011,11/10/2012,78,717,Crystal Bridges Museum of American Art,11/11/2011,11/10/2012,12/23/2015
1555,49,Wonder World,11/11/2011,4/2/2012,79,717,Crystal Bridges Museum of American Art,11/11/2011,5/5/2012,12/23/2015
1555,57,See the Light: The Luminist Tradition in American Art,10/13/2012,1/28/2013,96,717,Crystal Bridges Museum of American Art,10/13/2012,1/28/2013,12/23/2015
1559,49,Wonder World,11/11/2011,4/2/2012,79,717,Crystal Bridges Museum of American Art,11/11/2011,5/5/2012,12/23/2015
1561,10,Celebrating the American Spirit,11/11/2011,11/10/2012,78,717,Crystal Bridges Museum of American Art,11/11/2011,11/10/2012,12/23/2015
1562,10,Celebrating the American Spirit,11/11/2011,11/10/2012,78,717,Crystal Bridges Museum of American Art,11/11/2011,11/10/2012,12/23/2015
1567,10,Celebrating the American Spirit,11/11/2011,11/10/2012,78,717,Crystal Bridges Museum of American Art,11/11/2011,11/10/2012,12/23/2015
1584,10,Celebrating the American Spirit,11/11/2011,11/10/2012,78,717,Crystal Bridges Museum of American Art,11/11/2011,11/10/2012,12/23/2015
1585,10,Celebrating the American Spirit,11/11/2011,11/10/2012,78,717,Crystal Bridges Museum of American Art,11/11/2011,11/10/2012,12/23/2015
1586,10,Celebrating the American Spirit,11/11/2011,11/10/2012,78,717,Crystal Bridges Museum of American Art,11/11/2011,11/10/2012,12/23/2015
1587,10,Celebrating the American Spirit,11/11/2011,11/10/2012,78,717,Crystal Bridges Museum of American Art,11/11/2011,11/10/2012,12/23/2015
1592,10,Celebrating the American Spirit,11/11/2011,11/10/2012,78,717,Crystal Bridges Museum of American Art,11/11/2011,11/10/2012,12/23/2015
1596,10,Celebrating the American Spirit,11/11/2011,11/10/2012,78,717,Crystal Bridges Museum of American Art,11/11/2011,11/10/2012,12/23/2015
1597,49,Wonder World,11/11/2011,4/2/2012,79,717,Crystal Bridges Museum of American Art,11/11/2011,5/5/2012,12/23/2015
1633,10,Celebrating the American Spirit,11/11/2011,11/10/2012,78,717,Crystal Bridges Museum of American Art,11/11/2011,11/10/2012,12/23/2015
1636,10,Celebrating the American Spirit,11/11/2011,11/10/2012,78,717,Crystal Bridges Museum of American Art,11/11/2011,11/10/2012,12/23/2015
1637,10,Celebrating the American Spirit,11/11/2011,11/10/2012,78,717,Crystal Bridges Museum of American Art,11/11/2011,11/10/2012,12/23/2015
1638,10,Celebrating the American Spirit,11/11/2011,11/10/2012,78,717,Crystal Bridges Museum of American Art,11/11/2011,11/10/2012,12/23/2015
1639,10,Celebrating the American Spirit,11/11/2011,11/10/2012,78,717,Crystal Bridges Museum of American Art,11/11/2011,11/10/2012,12/23/2015
1640,10,Celebrating the American Spirit,11/11/2011,11/10/2012,78,717,Crystal Bridges Museum of American Art,11/11/2011,11/10/2012,12/23/2015
1640,111,Changing Perspectives of Native Americans,1/16/2015,8/3/2015,197,717,Crystal Bridges Museum of American Art,1/16/2015,8/3/2015,12/23/2015
1642,10,Celebrating the American Spirit,11/11/2011,11/10/2012,78,717,Crystal Bridges Museum of American Art,11/11/2011,11/10/2012,12/23/2015
1645,10,Celebrating the American Spirit,11/11/2011,11/10/2012,78,717,Crystal Bridges Museum of American Art,11/11/2011,11/10/2012,12/23/2015
1646,10,Celebrating the American Spirit,11/11/2011,11/10/2012,78,717,Crystal Bridges Museum of American Art,11/11/2011,11/10/2012,12/23/2015
1650,10,Celebrating the American Spirit,11/11/2011,11/10/2012,78,717,Crystal Bridges Museum of American Art,11/11/2011,11/10/2012,12/23/2015
1651,10,Celebrating the American Spirit,11/11/2011,11/10/2012,78,717,Crystal Bridges Museum of American Art,11/11/2011,11/10/2012,12/23/2015
1653,10,Celebrating the American Spirit,11/11/2011,11/10/2012,78,717,Crystal Bridges Museum of American Art,11/11/2011,11/10/2012,12/23/2015
1655,10,Celebrating the American Spirit,11/11/2011,11/10/2012,78,717,Crystal Bridges Museum of American Art,11/11/2011,11/10/2012,12/23/2015
1657,10,Celebrating the American Spirit,11/11/2011,11/10/2012,78,717,Crystal Bridges Museum of American Art,11/11/2011,11/10/2012,12/23/2015
1696,10,Celebrating the American Spirit,11/11/2011,11/10/2012,78,717,Crystal Bridges Museum of American Art,11/11/2011,11/10/2012,12/23/2015
1696,108,The Art of American Dance,3/20/2016,1/30/2017,192,444,Detroit Institute of Arts,3/20/2016,6/12/2016,12/23/2015
1696,108,The Art of American Dance,3/20/2016,1/30/2017,193,1989,Denver Art Museum,7/10/2016,10/9/2016,12/23/2015
1696,108,The Art of American Dance,3/20/2016,1/30/2017,194,717,Crystal Bridges Museum of American Art,11/5/2016,1/30/2017,12/23/2015
1697,50,Edward Sheriff Curtis,11/11/2011,4/26/2012,178,717,Crystal Bridges Museum of American Art,,,12/23/2015
1698,50,Edward Sheriff Curtis,11/11/2011,4/26/2012,178,717,Crystal Bridges Museum of American Art,,,12/23/2015
1716,50,Edward Sheriff Curtis,11/11/2011,4/26/2012,178,717,Crystal Bridges Museum of American Art,,,12/23/2015
1717,111,Changing Perspectives of Native Americans,1/16/2015,8/3/2015,197,717,Crystal Bridges Museum of American Art,1/16/2015,8/3/2015,12/23/2015
1725,50,Edward Sheriff Curtis,11/11/2011,4/26/2012,178,717,Crystal Bridges Museum of American Art,,,12/23/2015
1757,50,Edward Sheriff Curtis,11/11/2011,4/26/2012,178,717,Crystal Bridges Museum of American Art,,,12/23/2015
1775,50,Edward Sheriff Curtis,11/11/2011,4/26/2012,178,717,Crystal Bridges Museum of American Art,,,12/23/2015
1803,50,Edward Sheriff Curtis,11/11/2011,4/26/2012,178,717,Crystal Bridges Museum of American Art,,,12/23/2015
1808,50,Edward Sheriff Curtis,11/11/2011,4/26/2012,178,717,Crystal Bridges Museum of American Art,,,12/23/2015
1845,111,Changing Perspectives of Native Americans,1/16/2015,8/3/2015,197,717,Crystal Bridges Museum of American Art,1/16/2015,8/3/2015,12/23/2015
1884,50,Edward Sheriff Curtis,11/11/2011,4/26/2012,178,717,Crystal Bridges Museum of American Art,,,12/23/2015
1911,111,Changing Perspectives of Native Americans,1/16/2015,8/3/2015,197,717,Crystal Bridges Museum of American Art,1/16/2015,8/3/2015,12/23/2015
1945,111,Changing Perspectives of Native Americans,1/16/2015,8/3/2015,197,717,Crystal Bridges Museum of American Art,1/16/2015,8/3/2015,12/23/2015
2025,50,Edward Sheriff Curtis,11/11/2011,4/26/2012,178,717,Crystal Bridges Museum of American Art,,,12/23/2015
2030,50,Edward Sheriff Curtis,11/11/2011,4/26/2012,178,717,Crystal Bridges Museum of American Art,,,12/23/2015
2032,50,Edward Sheriff Curtis,11/11/2011,4/26/2012,178,717,Crystal Bridges Museum of American Art,,,12/23/2015
2034,50,Edward Sheriff Curtis,11/11/2011,4/26/2012,178,717,Crystal Bridges Museum of American Art,,,12/23/2015
2039,50,Edward Sheriff Curtis,11/11/2011,4/26/2012,178,717,Crystal Bridges Museum of American Art,,,12/23/2015
2102,50,Edward Sheriff Curtis,11/11/2011,4/26/2012,178,717,Crystal Bridges Museum of American Art,,,12/23/2015
2112,111,Changing Perspectives of Native Americans,1/16/2015,8/3/2015,197,717,Crystal Bridges Museum of American Art,1/16/2015,8/3/2015,12/23/2015
2243,10,Celebrating the American Spirit,11/11/2011,11/10/2012,78,717,Crystal Bridges Museum of American Art,11/11/2011,11/10/2012,12/23/2015
2245,96,John James Audubon and the Artist as Naturalist,9/27/2014,1/5/2015,167,717,Crystal Bridges Museum of American Art,9/27/2014,1/5/2015,12/23/2015
2247,10,Celebrating the American Spirit,11/11/2011,11/10/2012,78,717,Crystal Bridges Museum of American Art,11/11/2011,11/10/2012,12/23/2015
2249,10,Celebrating the American Spirit,11/11/2011,11/10/2012,78,717,Crystal Bridges Museum of American Art,11/11/2011,11/10/2012,12/23/2015
2250,10,Celebrating the American Spirit,11/11/2011,11/10/2012,78,717,Crystal Bridges Museum of American Art,11/11/2011,11/10/2012,12/23/2015
2252,10,Celebrating the American Spirit,11/11/2011,11/10/2012,78,717,Crystal Bridges Museum of American Art,11/11/2011,11/10/2012,12/23/2015
2253,10,Celebrating the American Spirit,11/11/2011,11/10/2012,78,717,Crystal Bridges Museum of American Art,11/11/2011,11/10/2012,12/23/2015
2255,10,Celebrating the American Spirit,11/11/2011,11/10/2012,78,717,Crystal Bridges Museum of American Art,11/11/2011,11/10/2012,12/23/2015
2256,10,Celebrating the American Spirit,11/11/2011,11/10/2012,78,717,Crystal Bridges Museum of American Art,11/11/2011,11/10/2012,12/23/2015
2257,10,Celebrating the American Spirit,11/11/2011,11/10/2012,78,717,Crystal Bridges Museum of American Art,11/11/2011,11/10/2012,12/23/2015
2259,10,Celebrating the American Spirit,11/11/2011,11/10/2012,78,717,Crystal Bridges Museum of American Art,11/11/2011,11/10/2012,12/23/2015
2260,10,Celebrating the American Spirit,11/11/2011,11/10/2012,78,717,Crystal Bridges Museum of American Art,11/11/2011,11/10/2012,12/23/2015
2263,10,Celebrating the American Spirit,11/11/2011,11/10/2012,78,717,Crystal Bridges Museum of American Art,11/11/2011,11/10/2012,12/23/2015
2264,10,Celebrating the American Spirit,11/11/2011,11/10/2012,78,717,Crystal Bridges Museum of American Art,11/11/2011,11/10/2012,12/23/2015
2266,10,Celebrating the American Spirit,11/11/2011,11/10/2012,78,717,Crystal Bridges Museum of American Art,11/11/2011,11/10/2012,12/23/2015
2268,10,Celebrating the American Spirit,11/11/2011,11/10/2012,78,717,Crystal Bridges Museum of American Art,11/11/2011,11/10/2012,12/23/2015
2272,10,Celebrating the American Spirit,11/11/2011,11/10/2012,78,717,Crystal Bridges Museum of American Art,11/11/2011,11/10/2012,12/23/2015
2273,10,Celebrating the American Spirit,11/11/2011,11/10/2012,78,717,Crystal Bridges Museum of American Art,11/11/2011,11/10/2012,12/23/2015
2282,10,Celebrating the American Spirit,11/11/2011,11/10/2012,78,717,Crystal Bridges Museum of American Art,11/11/2011,11/10/2012,12/23/2015
2283,10,Celebrating the American Spirit,11/11/2011,11/10/2012,78,717,Crystal Bridges Museum of American Art,11/11/2011,11/10/2012,12/23/2015
2283,111,Changing Perspectives of Native Americans,1/16/2015,8/3/2015,197,717,Crystal Bridges Museum of American Art,1/16/2015,8/3/2015,12/23/2015
2287,96,John James Audubon and the Artist as Naturalist,9/27/2014,1/5/2015,167,717,Crystal Bridges Museum of American Art,9/27/2014,1/5/2015,12/23/2015
2288,10,Celebrating the American Spirit,11/11/2011,11/10/2012,78,717,Crystal Bridges Museum of American Art,11/11/2011,11/10/2012,12/23/2015
2345,111,Changing Perspectives of Native Americans,1/16/2015,8/3/2015,197,717,Crystal Bridges Museum of American Art,1/16/2015,8/3/2015,12/23/2015
2484,111,Changing Perspectives of Native Americans,1/16/2015,8/3/2015,197,717,Crystal Bridges Museum of American Art,1/16/2015,8/3/2015,12/23/2015
2520,96,John James Audubon and the Artist as Naturalist,9/27/2014,1/5/2015,167,717,Crystal Bridges Museum of American Art,9/27/2014,1/5/2015,12/23/2015
2527,10,Celebrating the American Spirit,11/11/2011,11/10/2012,78,717,Crystal Bridges Museum of American Art,11/11/2011,11/10/2012,12/23/2015
2529,10,Celebrating the American Spirit,11/11/2011,11/10/2012,78,717,Crystal Bridges Museum of American Art,11/11/2011,11/10/2012,12/23/2015
2565,10,Celebrating the American Spirit,11/11/2011,11/10/2012,78,717,Crystal Bridges Museum of American Art,11/11/2011,11/10/2012,12/23/2015
2592,10,Celebrating the American Spirit,11/11/2011,11/10/2012,78,717,Crystal Bridges Museum of American Art,11/11/2011,11/10/2012,12/23/2015
2594,10,Celebrating the American Spirit,11/11/2011,11/10/2012,78,717,Crystal Bridges Museum of American Art,11/11/2011,11/10/2012,12/23/2015
2596,10,Celebrating the American Spirit,11/11/2011,11/10/2012,78,717,Crystal Bridges Museum of American Art,11/11/2011,11/10/2012,12/23/2015
2602,50,Edward Sheriff Curtis,11/11/2011,4/26/2012,178,717,Crystal Bridges Museum of American Art,,,12/23/2015
2609,50,Edward Sheriff Curtis,11/11/2011,4/26/2012,178,717,Crystal Bridges Museum of American Art,,,12/23/2015
2706,57,See the Light: The Luminist Tradition in American Art,10/13/2012,1/28/2013,96,717,Crystal Bridges Museum of American Art,10/13/2012,1/28/2013,12/23/2015
2709,110,Warhol's Nature,7/4/2015,10/5/2015,208,717,Crystal Bridges Museum of American Art,7/4/2015,10/5/2015,12/23/2015
2847,79,The Artists' Eye: Georgia O'Keeffe and the Alfred Stieglitz Collection,11/9/2013,2/3/2014,140,717,Crystal Bridges Museum of American Art,,,12/23/2015
2848,79,The Artists' Eye: Georgia O'Keeffe and the Alfred Stieglitz Collection,11/9/2013,2/3/2014,140,717,Crystal Bridges Museum of American Art,,,12/23/2015
2849,79,The Artists' Eye: Georgia O'Keeffe and the Alfred Stieglitz Collection,11/9/2013,2/3/2014,140,717,Crystal Bridges Museum of American Art,,,12/23/2015
2850,79,The Artists' Eye: Georgia O'Keeffe and the Alfred Stieglitz Collection,11/9/2013,2/3/2014,140,717,Crystal Bridges Museum of American Art,,,12/23/2015
2851,79,The Artists' Eye: Georgia O'Keeffe and the Alfred Stieglitz Collection,11/9/2013,2/3/2014,140,717,Crystal Bridges Museum of American Art,,,12/23/2015
2852,79,The Artists' Eye: Georgia O'Keeffe and the Alfred Stieglitz Collection,11/9/2013,2/3/2014,140,717,Crystal Bridges Museum of American Art,,,12/23/2015
2853,79,The Artists' Eye: Georgia O'Keeffe and the Alfred Stieglitz Collection,11/9/2013,2/3/2014,140,717,Crystal Bridges Museum of American Art,,,12/23/2015
2854,79,The Artists' Eye: Georgia O'Keeffe and the Alfred Stieglitz Collection,11/9/2013,2/3/2014,140,717,Crystal Bridges Museum of American Art,,,12/23/2015
2855,79,The Artists' Eye: Georgia O'Keeffe and the Alfred Stieglitz Collection,11/9/2013,2/3/2014,140,717,Crystal Bridges Museum of American Art,,,12/23/2015
2856,79,The Artists' Eye: Georgia O'Keeffe and the Alfred Stieglitz Collection,11/9/2013,2/3/2014,140,717,Crystal Bridges Museum of American Art,,,12/23/2015
2857,79,The Artists' Eye: Georgia O'Keeffe and the Alfred Stieglitz Collection,11/9/2013,2/3/2014,140,717,Crystal Bridges Museum of American Art,,,12/23/2015
2858,57,See the Light: The Luminist Tradition in American Art,10/13/2012,1/28/2013,96,717,Crystal Bridges Museum of American Art,10/13/2012,1/28/2013,12/23/2015
2859,79,The Artists' Eye: Georgia O'Keeffe and the Alfred Stieglitz Collection,11/9/2013,2/3/2014,140,717,Crystal Bridges Museum of American Art,,,12/23/2015
2861,57,See the Light: The Luminist Tradition in American Art,10/13/2012,1/28/2013,96,717,Crystal Bridges Museum of American Art,10/13/2012,1/28/2013,12/23/2015
2862,79,The Artists' Eye: Georgia O'Keeffe and the Alfred Stieglitz Collection,11/9/2013,2/3/2014,140,717,Crystal Bridges Museum of American Art,,,12/23/2015
2891,119,Cosmic Vistas: The Astronomical Prints of Étienne Léopold Trouvelot,4/17/2015,,209,717,Crystal Bridges Museum of American Art,,,12/23/2015
2892,119,Cosmic Vistas: The Astronomical Prints of Étienne Léopold Trouvelot,4/17/2015,,209,717,Crystal Bridges Museum of American Art,,,12/23/2015
2893,119,Cosmic Vistas: The Astronomical Prints of Étienne Léopold Trouvelot,4/17/2015,,209,717,Crystal Bridges Museum of American Art,,,12/23/2015
2894,119,Cosmic Vistas: The Astronomical Prints of Étienne Léopold Trouvelot,4/17/2015,,209,717,Crystal Bridges Museum of American Art,,,12/23/2015
2895,119,Cosmic Vistas: The Astronomical Prints of Étienne Léopold Trouvelot,4/17/2015,,209,717,Crystal Bridges Museum of American Art,,,12/23/2015
2896,119,Cosmic Vistas: The Astronomical Prints of Étienne Léopold Trouvelot,4/17/2015,,209,717,Crystal Bridges Museum of American Art,,,12/23/2015
2897,119,Cosmic Vistas: The Astronomical Prints of Étienne Léopold Trouvelot,4/17/2015,,209,717,Crystal Bridges Museum of American Art,,,12/23/2015
2898,119,Cosmic Vistas: The Astronomical Prints of Étienne Léopold Trouvelot,4/17/2015,,209,717,Crystal Bridges Museum of American Art,,,12/23/2015
2899,119,Cosmic Vistas: The Astronomical Prints of Étienne Léopold Trouvelot,4/17/2015,,209,717,Crystal Bridges Museum of American Art,,,12/23/2015
2900,119,Cosmic Vistas: The Astronomical Prints of Étienne Léopold Trouvelot,4/17/2015,,209,717,Crystal Bridges Museum of American Art,,,12/23/2015
2901,119,Cosmic Vistas: The Astronomical Prints of Étienne Léopold Trouvelot,4/17/2015,,209,717,Crystal Bridges Museum of American Art,,,12/23/2015
2902,119,Cosmic Vistas: The Astronomical Prints of Étienne Léopold Trouvelot,4/17/2015,,209,717,Crystal Bridges Museum of American Art,,,12/23/2015
2903,119,Cosmic Vistas: The Astronomical Prints of Étienne Léopold Trouvelot,4/17/2015,,209,717,Crystal Bridges Museum of American Art,,,12/23/2015
2904,119,Cosmic Vistas: The Astronomical Prints of Étienne Léopold Trouvelot,4/17/2015,,209,717,Crystal Bridges Museum of American Art,,,12/23/2015
2905,119,Cosmic Vistas: The Astronomical Prints of Étienne Léopold Trouvelot,4/17/2015,,209,717,Crystal Bridges Museum of American Art,,,12/23/2015
2933,79,The Artists' Eye: Georgia O'Keeffe and the Alfred Stieglitz Collection,11/9/2013,2/3/2014,140,717,Crystal Bridges Museum of American Art,,,12/23/2015
2934,79,The Artists' Eye: Georgia O'Keeffe and the Alfred Stieglitz Collection,11/9/2013,2/3/2014,140,717,Crystal Bridges Museum of American Art,,,12/23/2015
2935,79,The Artists' Eye: Georgia O'Keeffe and the Alfred Stieglitz Collection,11/9/2013,2/3/2014,140,717,Crystal Bridges Museum of American Art,,,12/23/2015
2936,79,The Artists' Eye: Georgia O'Keeffe and the Alfred Stieglitz Collection,11/9/2013,2/3/2014,140,717,Crystal Bridges Museum of American Art,,,12/23/2015
2937,79,The Artists' Eye: Georgia O'Keeffe and the Alfred Stieglitz Collection,11/9/2013,2/3/2014,140,717,Crystal Bridges Museum of American Art,,,12/23/2015
2938,79,The Artists' Eye: Georgia O'Keeffe and the Alfred Stieglitz Collection,11/9/2013,2/3/2014,140,717,Crystal Bridges Museum of American Art,,,12/23/2015
2939,79,The Artists' Eye: Georgia O'Keeffe and the Alfred Stieglitz Collection,11/9/2013,2/3/2014,140,717,Crystal Bridges Museum of American Art,,,12/23/2015
2940,79,The Artists' Eye: Georgia O'Keeffe and the Alfred Stieglitz Collection,11/9/2013,2/3/2014,140,717,Crystal Bridges Museum of American Art,,,12/23/2015
2941,79,The Artists' Eye: Georgia O'Keeffe and the Alfred Stieglitz Collection,11/9/2013,2/3/2014,140,717,Crystal Bridges Museum of American Art,,,12/23/2015
2942,79,The Artists' Eye: Georgia O'Keeffe and the Alfred Stieglitz Collection,11/9/2013,2/3/2014,140,717,Crystal Bridges Museum of American Art,,,12/23/2015
2943,79,The Artists' Eye: Georgia O'Keeffe and the Alfred Stieglitz Collection,11/9/2013,2/3/2014,140,717,Crystal Bridges Museum of American Art,,,12/23/2015
2944,79,The Artists' Eye: Georgia O'Keeffe and the Alfred Stieglitz Collection,11/9/2013,2/3/2014,140,717,Crystal Bridges Museum of American Art,,,12/23/2015
2945,79,The Artists' Eye: Georgia O'Keeffe and the Alfred Stieglitz Collection,11/9/2013,2/3/2014,140,717,Crystal Bridges Museum of American Art,,,12/23/2015
2946,79,The Artists' Eye: Georgia O'Keeffe and the Alfred Stieglitz Collection,11/9/2013,2/3/2014,140,717,Crystal Bridges Museum of American Art,,,12/23/2015
2947,79,The Artists' Eye: Georgia O'Keeffe and the Alfred Stieglitz Collection,11/9/2013,2/3/2014,140,717,Crystal Bridges Museum of American Art,,,12/23/2015
2948,79,The Artists' Eye: Georgia O'Keeffe and the Alfred Stieglitz Collection,11/9/2013,2/3/2014,140,717,Crystal Bridges Museum of American Art,,,12/23/2015
2949,79,The Artists' Eye: Georgia O'Keeffe and the Alfred Stieglitz Collection,11/9/2013,2/3/2014,140,717,Crystal Bridges Museum of American Art,,,12/23/2015
2950,79,The Artists' Eye: Georgia O'Keeffe and the Alfred Stieglitz Collection,11/9/2013,2/3/2014,140,717,Crystal Bridges Museum of American Art,,,12/23/2015
2951,79,The Artists' Eye: Georgia O'Keeffe and the Alfred Stieglitz Collection,11/9/2013,2/3/2014,140,717,Crystal Bridges Museum of American Art,,,12/23/2015
2952,79,The Artists' Eye: Georgia O'Keeffe and the Alfred Stieglitz Collection,11/9/2013,2/3/2014,140,717,Crystal Bridges Museum of American Art,,,12/23/2015
2953,79,The Artists' Eye: Georgia O'Keeffe and the Alfred Stieglitz Collection,11/9/2013,2/3/2014,140,717,Crystal Bridges Museum of American Art,,,12/23/2015
2954,79,The Artists' Eye: Georgia O'Keeffe and the Alfred Stieglitz Collection,11/9/2013,2/3/2014,140,717,Crystal Bridges Museum of American Art,,,12/23/2015
2955,79,The Artists' Eye: Georgia O'Keeffe and the Alfred Stieglitz Collection,11/9/2013,2/3/2014,140,717,Crystal Bridges Museum of American Art,,,12/23/2015
2956,79,The Artists' Eye: Georgia O'Keeffe and the Alfred Stieglitz Collection,11/9/2013,2/3/2014,140,717,Crystal Bridges Museum of American Art,,,12/23/2015
2957,79,The Artists' Eye: Georgia O'Keeffe and the Alfred Stieglitz Collection,11/9/2013,2/3/2014,140,717,Crystal Bridges Museum of American Art,,,12/23/2015
2958,79,The Artists' Eye: Georgia O'Keeffe and the Alfred Stieglitz Collection,11/9/2013,2/3/2014,140,717,Crystal Bridges Museum of American Art,,,12/23/2015
2959,79,The Artists' Eye: Georgia O'Keeffe and the Alfred Stieglitz Collection,11/9/2013,2/3/2014,140,717,Crystal Bridges Museum of American Art,,,12/23/2015
2960,79,The Artists' Eye: Georgia O'Keeffe and the Alfred Stieglitz Collection,11/9/2013,2/3/2014,140,717,Crystal Bridges Museum of American Art,,,12/23/2015
2961,79,The Artists' Eye: Georgia O'Keeffe and the Alfred Stieglitz Collection,11/9/2013,2/3/2014,140,717,Crystal Bridges Museum of American Art,,,12/23/2015
2962,79,The Artists' Eye: Georgia O'Keeffe and the Alfred Stieglitz Collection,11/9/2013,2/3/2014,140,717,Crystal Bridges Museum of American Art,,,12/23/2015
2963,79,The Artists' Eye: Georgia O'Keeffe and the Alfred Stieglitz Collection,11/9/2013,2/3/2014,140,717,Crystal Bridges Museum of American Art,,,12/23/2015
2964,79,The Artists' Eye: Georgia O'Keeffe and the Alfred Stieglitz Collection,11/9/2013,2/3/2014,140,717,Crystal Bridges Museum of American Art,,,12/23/2015
2965,79,The Artists' Eye: Georgia O'Keeffe and the Alfred Stieglitz Collection,11/9/2013,2/3/2014,140,717,Crystal Bridges Museum of American Art,,,12/23/2015
2966,79,The Artists' Eye: Georgia O'Keeffe and the Alfred Stieglitz Collection,11/9/2013,2/3/2014,140,717,Crystal Bridges Museum of American Art,,,12/23/2015
2967,79,The Artists' Eye: Georgia O'Keeffe and the Alfred Stieglitz Collection,11/9/2013,2/3/2014,140,717,Crystal Bridges Museum of American Art,,,12/23/2015
2968,79,The Artists' Eye: Georgia O'Keeffe and the Alfred Stieglitz Collection,11/9/2013,2/3/2014,140,717,Crystal Bridges Museum of American Art,,,12/23/2015
2969,79,The Artists' Eye: Georgia O'Keeffe and the Alfred Stieglitz Collection,11/9/2013,2/3/2014,140,717,Crystal Bridges Museum of American Art,,,12/23/2015
2970,79,The Artists' Eye: Georgia O'Keeffe and the Alfred Stieglitz Collection,11/9/2013,2/3/2014,140,717,Crystal Bridges Museum of American Art,,,12/23/2015
2971,79,The Artists' Eye: Georgia O'Keeffe and the Alfred Stieglitz Collection,11/9/2013,2/3/2014,140,717,Crystal Bridges Museum of American Art,,,12/23/2015
2972,79,The Artists' Eye: Georgia O'Keeffe and the Alfred Stieglitz Collection,11/9/2013,2/3/2014,140,717,Crystal Bridges Museum of American Art,,,12/23/2015
2973,79,The Artists' Eye: Georgia O'Keeffe and the Alfred Stieglitz Collection,11/9/2013,2/3/2014,140,717,Crystal Bridges Museum of American Art,,,12/23/2015
2974,79,The Artists' Eye: Georgia O'Keeffe and the Alfred Stieglitz Collection,11/9/2013,2/3/2014,140,717,Crystal Bridges Museum of American Art,,,12/23/2015
2975,79,The Artists' Eye: Georgia O'Keeffe and the Alfred Stieglitz Collection,11/9/2013,2/3/2014,140,717,Crystal Bridges Museum of American Art,,,12/23/2015
2976,79,The Artists' Eye: Georgia O'Keeffe and the Alfred Stieglitz Collection,11/9/2013,2/3/2014,140,717,Crystal Bridges Museum of American Art,,,12/23/2015
2977,79,The Artists' Eye: Georgia O'Keeffe and the Alfred Stieglitz Collection,11/9/2013,2/3/2014,140,717,Crystal Bridges Museum of American Art,,,12/23/2015
2978,79,The Artists' Eye: Georgia O'Keeffe and the Alfred Stieglitz Collection,11/9/2013,2/3/2014,140,717,Crystal Bridges Museum of American Art,,,12/23/2015
2979,79,The Artists' Eye: Georgia O'Keeffe and the Alfred Stieglitz Collection,11/9/2013,2/3/2014,140,717,Crystal Bridges Museum of American Art,,,12/23/2015
2980,79,The Artists' Eye: Georgia O'Keeffe and the Alfred Stieglitz Collection,11/9/2013,2/3/2014,140,717,Crystal Bridges Museum of American Art,,,12/23/2015
3002,79,The Artists' Eye: Georgia O'Keeffe and the Alfred Stieglitz Collection,11/9/2013,2/3/2014,140,717,Crystal Bridges Museum of American Art,,,12/23/2015
3003,79,The Artists' Eye: Georgia O'Keeffe and the Alfred Stieglitz Collection,11/9/2013,2/3/2014,140,717,Crystal Bridges Museum of American Art,,,12/23/2015
3004,79,The Artists' Eye: Georgia O'Keeffe and the Alfred Stieglitz Collection,11/9/2013,2/3/2014,140,717,Crystal Bridges Museum of American Art,,,12/23/2015
3005,79,The Artists' Eye: Georgia O'Keeffe and the Alfred Stieglitz Collection,11/9/2013,2/3/2014,140,717,Crystal Bridges Museum of American Art,,,12/23/2015
3006,79,The Artists' Eye: Georgia O'Keeffe and the Alfred Stieglitz Collection,11/9/2013,2/3/2014,140,717,Crystal Bridges Museum of American Art,,,12/23/2015
3007,79,The Artists' Eye: Georgia O'Keeffe and the Alfred Stieglitz Collection,11/9/2013,2/3/2014,140,717,Crystal Bridges Museum of American Art,,,12/23/2015
3008,79,The Artists' Eye: Georgia O'Keeffe and the Alfred Stieglitz Collection,11/9/2013,2/3/2014,140,717,Crystal Bridges Museum of American Art,,,12/23/2015
3009,79,The Artists' Eye: Georgia O'Keeffe and the Alfred Stieglitz Collection,11/9/2013,2/3/2014,140,717,Crystal Bridges Museum of American Art,,,12/23/2015
3010,79,The Artists' Eye: Georgia O'Keeffe and the Alfred Stieglitz Collection,11/9/2013,2/3/2014,140,717,Crystal Bridges Museum of American Art,,,12/23/2015
3011,79,The Artists' Eye: Georgia O'Keeffe and the Alfred Stieglitz Collection,11/9/2013,2/3/2014,140,717,Crystal Bridges Museum of American Art,,,12/23/2015
3012,79,The Artists' Eye: Georgia O'Keeffe and the Alfred Stieglitz Collection,11/9/2013,2/3/2014,140,717,Crystal Bridges Museum of American Art,,,12/23/2015
3013,79,The Artists' Eye: Georgia O'Keeffe and the Alfred Stieglitz Collection,11/9/2013,2/3/2014,140,717,Crystal Bridges Museum of American Art,,,12/23/2015
3014,79,The Artists' Eye: Georgia O'Keeffe and the Alfred Stieglitz Collection,11/9/2013,2/3/2014,140,717,Crystal Bridges Museum of American Art,,,12/23/2015
3015,79,The Artists' Eye: Georgia O'Keeffe and the Alfred Stieglitz Collection,11/9/2013,2/3/2014,140,717,Crystal Bridges Museum of American Art,,,12/23/2015
3016,79,The Artists' Eye: Georgia O'Keeffe and the Alfred Stieglitz Collection,11/9/2013,2/3/2014,140,717,Crystal Bridges Museum of American Art,,,12/23/2015
3017,79,The Artists' Eye: Georgia O'Keeffe and the Alfred Stieglitz Collection,11/9/2013,2/3/2014,140,717,Crystal Bridges Museum of American Art,,,12/23/2015
3018,79,The Artists' Eye: Georgia O'Keeffe and the Alfred Stieglitz Collection,11/9/2013,2/3/2014,140,717,Crystal Bridges Museum of American Art,,,12/23/2015
3053,79,The Artists' Eye: Georgia O'Keeffe and the Alfred Stieglitz Collection,11/9/2013,2/3/2014,140,717,Crystal Bridges Museum of American Art,,,12/23/2015
3054,79,The Artists' Eye: Georgia O'Keeffe and the Alfred Stieglitz Collection,11/9/2013,2/3/2014,140,717,Crystal Bridges Museum of American Art,,,12/23/2015
3055,79,The Artists' Eye: Georgia O'Keeffe and the Alfred Stieglitz Collection,11/9/2013,2/3/2014,140,717,Crystal Bridges Museum of American Art,,,12/23/2015
3058,79,The Artists' Eye: Georgia O'Keeffe and the Alfred Stieglitz Collection,11/9/2013,2/3/2014,140,717,Crystal Bridges Museum of American Art,,,12/23/2015
3059,79,The Artists' Eye: Georgia O'Keeffe and the Alfred Stieglitz Collection,11/9/2013,2/3/2014,140,717,Crystal Bridges Museum of American Art,,,12/23/2015
3060,79,The Artists' Eye: Georgia O'Keeffe and the Alfred Stieglitz Collection,11/9/2013,2/3/2014,140,717,Crystal Bridges Museum of American Art,,,12/23/2015
3061,79,The Artists' Eye: Georgia O'Keeffe and the Alfred Stieglitz Collection,11/9/2013,2/3/2014,140,717,Crystal Bridges Museum of American Art,,,12/23/2015
3062,79,The Artists' Eye: Georgia O'Keeffe and the Alfred Stieglitz Collection,11/9/2013,2/3/2014,140,717,Crystal Bridges Museum of American Art,,,12/23/2015
3063,79,The Artists' Eye: Georgia O'Keeffe and the Alfred Stieglitz Collection,11/9/2013,2/3/2014,140,717,Crystal Bridges Museum of American Art,,,12/23/2015
3064,79,The Artists' Eye: Georgia O'Keeffe and the Alfred Stieglitz Collection,11/9/2013,2/3/2014,140,717,Crystal Bridges Museum of American Art,,,12/23/2015
3065,79,The Artists' Eye: Georgia O'Keeffe and the Alfred Stieglitz Collection,11/9/2013,2/3/2014,140,717,Crystal Bridges Museum of American Art,,,12/23/2015
3066,79,The Artists' Eye: Georgia O'Keeffe and the Alfred Stieglitz Collection,11/9/2013,2/3/2014,140,717,Crystal Bridges Museum of American Art,,,12/23/2015
3067,79,The Artists' Eye: Georgia O'Keeffe and the Alfred Stieglitz Collection,11/9/2013,2/3/2014,140,717,Crystal Bridges Museum of American Art,,,12/23/2015
3068,79,The Artists' Eye: Georgia O'Keeffe and the Alfred Stieglitz Collection,11/9/2013,2/3/2014,140,717,Crystal Bridges Museum of American Art,,,12/23/2015
3069,79,The Artists' Eye: Georgia O'Keeffe and the Alfred Stieglitz Collection,11/9/2013,2/3/2014,140,717,Crystal Bridges Museum of American Art,,,12/23/2015
3070,79,The Artists' Eye: Georgia O'Keeffe and the Alfred Stieglitz Collection,11/9/2013,2/3/2014,140,717,Crystal Bridges Museum of American Art,,,12/23/2015
3071,79,The Artists' Eye: Georgia O'Keeffe and the Alfred Stieglitz Collection,11/9/2013,2/3/2014,140,717,Crystal Bridges Museum of American Art,,,12/23/2015
3072,79,The Artists' Eye: Georgia O'Keeffe and the Alfred Stieglitz Collection,11/9/2013,2/3/2014,140,717,Crystal Bridges Museum of American Art,,,12/23/2015
3073,79,The Artists' Eye: Georgia O'Keeffe and the Alfred Stieglitz Collection,11/9/2013,2/3/2014,140,717,Crystal Bridges Museum of American Art,,,12/23/2015
3074,79,The Artists' Eye: Georgia O'Keeffe and the Alfred Stieglitz Collection,11/9/2013,2/3/2014,140,717,Crystal Bridges Museum of American Art,,,12/23/2015
3075,79,The Artists' Eye: Georgia O'Keeffe and the Alfred Stieglitz Collection,11/9/2013,2/3/2014,140,717,Crystal Bridges Museum of American Art,,,12/23/2015
3077,79,The Artists' Eye: Georgia O'Keeffe and the Alfred Stieglitz Collection,11/9/2013,2/3/2014,140,717,Crystal Bridges Museum of American Art,,,12/23/2015
3078,79,The Artists' Eye: Georgia O'Keeffe and the Alfred Stieglitz Collection,11/9/2013,2/3/2014,140,717,Crystal Bridges Museum of American Art,,,12/23/2015
3108,76,This Land: Picturing a Changing America in the 1930s and 1940s,8/31/2013,1/7/2014,138,717,Crystal Bridges Museum of American Art,,,12/23/2015
3147,113,Art in a Day's Work: Images of Labor 1935-1943,2/6/2015,4/5/2015,196,717,Crystal Bridges Museum of American Art,2/6/2015,4/5/2015,12/23/2015
3155,69,Art Under Pressure,12/21/2012,4/28/2013,122,717,Crystal Bridges Museum of American Art,,,12/23/2015
3155,76,This Land: Picturing a Changing America in the 1930s and 1940s,8/31/2013,1/7/2014,138,717,Crystal Bridges Museum of American Art,,,12/23/2015
3176,113,Art in a Day's Work: Images of Labor 1935-1943,2/6/2015,4/5/2015,196,717,Crystal Bridges Museum of American Art,2/6/2015,4/5/2015,12/23/2015
3178,76,This Land: Picturing a Changing America in the 1930s and 1940s,8/31/2013,1/7/2014,138,717,Crystal Bridges Museum of American Art,,,12/23/2015
3192,113,Art in a Day's Work: Images of Labor 1935-1943,2/6/2015,4/5/2015,196,717,Crystal Bridges Museum of American Art,2/6/2015,4/5/2015,12/23/2015
3197,113,Art in a Day's Work: Images of Labor 1935-1943,2/6/2015,4/5/2015,196,717,Crystal Bridges Museum of American Art,2/6/2015,4/5/2015,12/23/2015
3199,113,Art in a Day's Work: Images of Labor 1935-1943,2/6/2015,4/5/2015,196,717,Crystal Bridges Museum of American Art,2/6/2015,4/5/2015,12/23/2015
3201,113,Art in a Day's Work: Images of Labor 1935-1943,2/6/2015,4/5/2015,196,717,Crystal Bridges Museum of American Art,2/6/2015,4/5/2015,12/23/2015
3229,76,This Land: Picturing a Changing America in the 1930s and 1940s,8/31/2013,1/7/2014,138,717,Crystal Bridges Museum of American Art,,,12/23/2015
3261,76,This Land: Picturing a Changing America in the 1930s and 1940s,8/31/2013,1/7/2014,138,717,Crystal Bridges Museum of American Art,,,12/23/2015
3274,113,Art in a Day's Work: Images of Labor 1935-1943,2/6/2015,4/5/2015,196,717,Crystal Bridges Museum of American Art,2/6/2015,4/5/2015,12/23/2015
3298,113,Art in a Day's Work: Images of Labor 1935-1943,2/6/2015,4/5/2015,196,717,Crystal Bridges Museum of American Art,2/6/2015,4/5/2015,12/23/2015
3310,76,This Land: Picturing a Changing America in the 1930s and 1940s,8/31/2013,1/7/2014,138,717,Crystal Bridges Museum of American Art,,,12/23/2015
3317,113,Art in a Day's Work: Images of Labor 1935-1943,2/6/2015,4/5/2015,196,717,Crystal Bridges Museum of American Art,2/6/2015,4/5/2015,12/23/2015
3324,76,This Land: Picturing a Changing America in the 1930s and 1940s,8/31/2013,1/7/2014,138,717,Crystal Bridges Museum of American Art,,,12/23/2015
3388,69,Art Under Pressure,12/21/2012,4/28/2013,122,717,Crystal Bridges Museum of American Art,,,12/23/2015
3438,113,Art in a Day's Work: Images of Labor 1935-1943,2/6/2015,4/5/2015,196,717,Crystal Bridges Museum of American Art,2/6/2015,4/5/2015,12/23/2015
3443,113,Art in a Day's Work: Images of Labor 1935-1943,2/6/2015,4/5/2015,196,717,Crystal Bridges Museum of American Art,2/6/2015,4/5/2015,12/23/2015
3450,113,Art in a Day's Work: Images of Labor 1935-1943,2/6/2015,4/5/2015,196,717,Crystal Bridges Museum of American Art,2/6/2015,4/5/2015,12/23/2015
3512,113,Art in a Day's Work: Images of Labor 1935-1943,2/6/2015,4/5/2015,196,717,Crystal Bridges Museum of American Art,2/6/2015,4/5/2015,12/23/2015
4002,92,The European Connection,3/15/2014,7/7/2014,161,717,Crystal Bridges Museum of American Art,3/15/2014,7/7/2014,12/23/2015
4003,76,This Land: Picturing a Changing America in the 1930s and 1940s,8/31/2013,1/7/2014,138,717,Crystal Bridges Museum of American Art,,,12/23/2015
4011,92,The European Connection,3/15/2014,7/7/2014,161,717,Crystal Bridges Museum of American Art,3/15/2014,7/7/2014,12/23/2015
4018,111,Changing Perspectives of Native Americans,1/16/2015,8/3/2015,197,717,Crystal Bridges Museum of American Art,1/16/2015,8/3/2015,12/23/2015
4177,85,Edward Hopper: Journey to Blackwell's Island,1/18/2014,4/21/2014,224,717,Crystal Bridges Museum of American Art,,,12/23/2015
4316,110,Warhol's Nature,7/4/2015,10/5/2015,208,717,Crystal Bridges Museum of American Art,7/4/2015,10/5/2015,12/23/2015
4317,110,Warhol's Nature,7/4/2015,10/5/2015,208,717,Crystal Bridges Museum of American Art,7/4/2015,10/5/2015,12/23/2015
4318,110,Warhol's Nature,7/4/2015,10/5/2015,208,717,Crystal Bridges Museum of American Art,7/4/2015,10/5/2015,12/23/2015
4398,106,The Coca Cola Bottle: An American Icon at 100,2/28/2015,10/4/2015,185,1023,High Museum of Art,2/28/2015,10/4/2015,12/23/2015
4402,96,John James Audubon and the Artist as Naturalist,9/27/2014,1/5/2015,167,717,Crystal Bridges Museum of American Art,9/27/2014,1/5/2015,12/23/2015
4655,91,State of the Art: Discovering American Art Now,9/13/2014,1/19/2015,160,717,Crystal Bridges Museum of American Art,9/13/2014,1/19/2015,12/23/2015
4798,114,Yosemite: Art and a National Icon,2/6/2015,6/8/2015,198,717,Crystal Bridges Museum of American Art,2/6/2015,12/31/2015,12/23/2015
5051,91,State of the Art: Discovering American Art Now,9/13/2014,1/19/2015,160,717,Crystal Bridges Museum of American Art,9/13/2014,1/19/2015,12/23/2015
5220,101,Keith Haring: The Political Line,11/8/2014,2/16/2015,180,2028,de Young Museum,11/8/2014,2/16/2015,12/23/2015
5339,53,George Bellows (1882-1925),,,83,86,National Gallery of Art,6/10/2012,10/8/2012,12/23/2015
5339,53,George Bellows (1882-1925),,,84,485,The Metropolitan Museum of Art,11/12/2012,2/13/2013,12/23/2015
5339,53,George Bellows (1882-1925),,,85,1114,Royal Academy of Arts,3/16/2013,6/9/2013,12/23/2015
5345,103,The Weather Is Turning Weird: Data Visualizations by Nathalie Miebach,9/16/2014,1/4/2015,182,2155,Museum of Arts and Sciences,9/16/2014,1/4/2015,12/23/2015
5345,112,State of the Art - 5K Traveling,,,235,2724,"Telfair Museums, Jepson Center",,,12/23/2015
5355,116,Georgia O'Keeffe: See What I See,3/28/2015,5/10/2015,200,717,Crystal Bridges Museum of American Art,3/28/2015,5/10/2015,12/23/2015
5515,121,Her Action: Women of Abstract Expressionism,6/12/2016,5/28/2017,213,1989,Denver Art Museum,6/12/2016,9/25/2016,12/23/2015
5515,121,Her Action: Women of Abstract Expressionism,6/12/2016,5/28/2017,214,1178,Mint Museum,10/22/2016,1/22/2017,12/23/2015
5515,121,Her Action: Women of Abstract Expressionism,6/12/2016,5/28/2017,215,2559,Palm Springs Art Museum,2/18/2017,5/28/2017,12/23/2015
